road_id,postcode,name,locality,city
1802750,4072,Eade Road,Patutahi,Gisborne
3077983,4312,Eagle Drive,Waiwhakaiho,New Plymouth
3084090,7615,Eagle Eye Lane,Rolleston,
1785402,7495,Eagle Hill Road,View Hill,Oxford
1824818,1060,Eaglehurst Road,Ellerslie,Auckland
1832687,2016,Eaglemont Drive,East Tamaki Heights,Auckland
1827962,2010,Eaglen Place,Howick,Auckland
1840053,5711,Eagle Place,Martinborough,
1821160,0932,Eagle Place,Red Beach,
3083975,0505,Eagle Ray Road,Mangawhai,
1805749,4274,Eagle Road,Tikokino,
3083210,8025,Eaglesfield Close,"Cracroft,Westmorland",Christchurch
1809664,3196,Eagles Hill Road,Waimana,
1837819,8025,Eaglesome Avenue,Aidanfield,Christchurch
1821956,0632,Eagleson Street,Northcross,Auckland
1794790,6012,Eagle Street,Karori,Wellington
1773535,9220,Eagle Street,Milton,
1810946,3720,Eagle Street,Ngaruawahia,
1772104,9022,Eagle Street,Saint Leonards,Dunedin
1799077,4720,Eagle Street,Taihape,
1805658,4210,Eagle Street,Waipawa,
1801359,3112,Eagle Street,Welcome Bay,Tauranga
1832997,0420,Eagles Way,Cable Bay,
3078492,3175,Eagleview Rise,Welcome Bay,Tauranga
1833034,0873,Eagle View Rise,Makarau,Warkworth
1834451,3200,Eagle Way,Pukete,Hamilton
1828522,2018,Ealing Crescent,"Beachlands,Sunkist Bay",Auckland
3083621,7571,Ealing Lane,Darfield,
3017122,,Ealing Montalto Road,"Carew,Ealing,Ruapuna",Ashburton
3036337,7773,Ealing Road,"Coldstream,Ealing,Hinds",Ashburton
3015141,,Ealing Street,"Northcote,Redwood",Christchurch
1806103,3575,Eames Crescent,Te Mata,Thames
3078037,8042,Earhart Lane,Wigram,Christchurch
1808286,3129,Earl Drive,Katikati,
1812579,3330,Earle Place,Acacia Bay,Taupo
1810159,3081,Earle Road,Broadlands,
3011449,3880,Earle Road,"Parawera,Pukeatua",
1811009,3297,Earles Place,Raglan,
1789425,7095,Earles Road,Golden Downs,Wakefield
1824813,1052,Earle Street,Parnell,Auckland
3028231,8083,Earlham Street,Brooklands,Christchurch
1801306,4410,Earl Place,Hokowhitu,Palmerston North
1836699,9600,Earl Place,Te Anau,
1828545,2104,Earl Richardson Avenue,Wiri,Auckland
3036146,7985,Earl Road,"Hilton,Temuka","Geraldine,Temuka"
3079227,3400,Earl Road,Matamata,
1823615,0604,Earl Road,Titirangi,Auckland
3085277,7608,Earlsbrook Boulevard,Lincoln,Lincoln
1805895,3216,Earls Court,Hillcrest,Hamilton
1828521,2102,Earls Court,Hillpark,Auckland
1837218,2016,Earlshall Drive,Flat Bush,Auckland
1831854,0110,Earls Place,Onerahi,Whangarei
3015752,9012,Earls Road,"Corstorphine,Saint Clair",Dunedin
1794787,6011,Earls Terrace,Mount Victoria,Wellington
1793249,5011,Earlston Grove,Avalon,Lower Hutt
1773165,9073,Earlston Place,Berwick,Outram
1819062,0310,Earl Street,Dargaville,
1782446,8022,Earl Street,Hillsborough,Christchurch
1801153,5510,Earl Street,Levin,
1771660,9300,Earl Street,Queenstown,
1809901,3910,Earl Street,Te Kuiti,
1804605,4284,Earl Street,Wanstead,Waipukurau
1830297,0910,Earlsway,Warkworth,
1816104,3216,Earlswood Avenue,Hamilton East,Hamilton
1828525,2024,Earlsworth Road,Mangere East,Auckland
3083106,7410,Earl Way,Amberley,
1786365,7771,Earlys Road,Alford Forest,Mount Somers
3055919,7475,Earlys Road,"Cust,West Eyreton",
3061070,7672,Early Valley Road,"Kennedys Bush,Lansdowne","Christchurch,Lansdowne"
3078646,2110,Earlywood Road,Takanini,Auckland
1771171,9396,Earne Street,Naseby,
1785368,7400,Earnley Street,Rangiora,
1822519,0622,Earnoch Avenue,"Hauraki Gulf / Tikapa Moana,Takapuna",Auckland
1794800,6023,Earn Place,Southgate,Wellington
3055533,,Earnscleugh Road,"Bridge Hill,Clyde,Earnscleugh","Alexandra,Clyde"
1784626,8053,Earnslaw Crescent,Bryndwr,Christchurch
1830444,2019,Earnslaw Crescent,Clover Park,Auckland
1776449,9810,Earnslaw Street,Avenal,Invercargill
1840835,9300,Earnslaw Street,Queenstown,
1771658,9300,Earnslaw Terrace,Queenstown,
3028276,9812,Earn Street,"Appleby,Georgetown,West Invercargill",Invercargill
1770267,9400,Earn Street,Oamaru North,Oamaru
3006665,7875,E A Road,"Awatuna,Kumara Junction","Greymouth,Hokitika"
3081667,3210,Earp Crescent,Chartwell,Hamilton
1800553,6037,Earp Street,Johnsonville,Wellington
2003381,3288,Earthmover Crescent,Burbush,Hamilton
1810160,3077,Earthquake Flat Road,Waikite Valley,Ngakuru
1770783,9494,Earthquake Road,"Duntroon,Earthquakes,Island Cliff","Duntroon,Oamaru"
1840342,0173,Earthsea Rise,Matapouri,Whangarei
1778571,9884,Earwaker Road,Tokanui,
2009003,3210,Easby Way,Flagstaff,Hamilton
1806104,3579,Easdale Place,Pauanui,
1794812,6012,Easdale Street,Kelburn,Wellington
1775519,9396,Eask Street,Naseby,
1774531,9292,Eason Road,Akatore,Milton
1774715,9410,Easons Road,Hampden,
1811947,4392,Eason Street,Huiroa,Stratford
1814856,3010,Eason Street,Victoria,Rotorua
1821157,0930,East Avenue,Manly,Whangaparaoa
3008475,9012,East Avenue,"Saint Kilda,South Dunedin",Dunedin
1811921,3320,East Avenue,Te Aroha,
3080031,3129,Eastbank Drive,Katikati,
3061936,3193,East Bank Road,"Edgecumbe,Thornton","Edgecumbe,Whakatane"
3061935,3192,East Bank Road,"Kawerau,Putauaki",Kawerau
1775555,9013,Eastbank Street,Waverley,Dunedin
3045901,7282,East Bay,"Arapaoa Island,Onauku Bay,Otanerau Bay,Te Aroha Bay",Marlborough Sounds
1817251,4320,East Beach,Waitara,
1803030,4189,East Beach Road,Mohaka,Wairoa
1780238,7608,East Belt,Lincoln,
1785375,7400,East Belt,Rangiora,
3025647,9073,East Boundary Road,"Berwick Forest,Clarendon","Milton,Outram"
1778654,9683,Eastbourne Park Road,Flints Bush,Otautau
1832465,0632,Eastbourne Road,Albany,Auckland
1831587,1050,Eastbourne Road,Remuera,Auckland
1772091,9012,Eastbourne Street,Caversham,Dunedin
1805511,4122,Eastbourne Street East,Hastings,
1803293,4122,Eastbourne Street West,"Hastings,Saint Leonards",Hastings
3019711,9371,Eastburn Road,"Arrow Junction,Roaring Meg","Cromwell,Queenstown"
1827890,2110,Eastburn Street,Papakura,
1802327,4087,East Cape Road,Te Araroa,
3066936,9773,East Chatton Road,"Chatton,East Chatton,Maitland",Gore
1822516,0620,Eastcliffe Road,Castor Bay,Auckland
3009922,,East Coast Road,"Browns Bay,Campbells Bay,Castor Bay,Fairview Heights,Forrest Hill,Long Bay,Mairangi Bay,Milford,Murrays Bay,Northcross,Oteha,Pinehill,Redvale,Silverdale,Stillwater,Sunnynook,Torbay,Windsor Park","Auckland,Silverdale"
1805940,,East Coast Road,"Kaiaua,Orere Point,Pukorokoro / Miranda,Whakatiwai","Kaiaua,Orere Point"
1820399,0484,East Coast Roadway,Te Kao,
1799881,6037,Eastcott Grove,Churton Park,Wellington
1824794,1026,Eastdale Road,Avondale,Auckland
1777268,9793,East Dome Station Road,Lowther,
1794766,8052,East Ellington Drive,Mairehau,Christchurch
1785367,7691,Easterbrook Road,Fernside,Rangiora
1832247,2012,Eastern Beach Road,"Bucklands Beach,Eastern Beach",Auckland
1814019,3191,Eastern Boundary Road,Awakeri,Whakatane
1821156,0881,Eastern Boundary Road,Muriwai,
3007266,0484,Eastern Boundary Road,"Pukenui,Waiharara","Awanui,Pukenui"
3016670,2678,Eastern Drain Road,"Aka Aka,Puni","Pukekohe,Waiuku"
3040002,3192,Eastern Heights Road,"Lake Matahina,Omataroa",Whakatane
3073346,5019,Eastern Hutt Road,"Heretaunga,Silverstream,Stokes Valley,Taita","Lower Hutt,Upper Hutt"
3078188,5573,Eastern Rise,Manakau,
1770770,9494,Eastern Road,"Maerewhenua,Otekaieke",Duntroon
1819160,0376,Eastern Road,Waipoua,Aranga
3017595,8023,Eastern Terrace,"Beckenham,Sydenham",Christchurch
1822762,0602,Easter Parade,Glen Eden,Auckland
1774075,9591,Eastferry Street,Beaumont,Lawrence
1839466,3710,Eastfield,Te Kauwhata,
3077619,2019,Eastfield Avenue,Flat Bush,Auckland
1841160,7608,Eastfield Drive,Lincoln,
1822740,0602,Eastglen Road,Glen Eden,Auckland
1813665,3420,East Grampian Street,Tokoroa,
1793251,5010,East Grove,Alicetown,Lower Hutt
1806254,7201,Easthaven Place,Redwoodtown,Blenheim
1772108,9012,Easther Crescent,"Forbury,Kew",Dunedin
1830093,2019,Eastland Road,Flat Bush,Auckland
1820265,0410,East Lane,Kaitaia,
1791383,7274,East Lane,Kekerengu,Kaikoura
1804840,4998,East Lane,Woodville,
1784625,8053,Eastling Street,Bishopdale,Christchurch
3057263,,East Maddisons Road,"Rolleston,Springston",
3084050,8025,Eastman Drive,Halswell,Christchurch
1797387,4774,East Mangahuia Road,"Rangiwahia,Ruahine Forest Park","Kimbolton,Ruahine Forest Park"
1810948,3700,East Mine Road,Huntly,
3080805,7674,Eastonfield Drive,Rolleston,
3068567,7175,Easton Loop,Tasman,Upper Moutere
1822518,0629,Easton Park Parade,Glenfield,Auckland
1798573,4893,Easton Road,Foxton,
1787959,7825,Eastons Road,Westport,
1805422,4930,Easton Street,Dannevirke,
1797989,4814,Easton Street,Foxton,
1801151,5510,Easton Way,Levin,
1796720,4500,Eastown Road,Whanganui East,Whanganui
1812250,3420,East Parkdale Street,Tokoroa,
1840854,2013,East Parkway,"East Tamaki,Northpark",Auckland
1803940,4112,East Place,Greenmeadows,Napier
1837926,0930,East Point,Manly,Whangaparaoa
3000187,3393,Eastport Road,"Otway,Te Aroha,Waitoa","Te Aroha,Waitoa"
1788677,7120,East Quay,Motueka,
1817250,4320,East Quay,Waitara,
1842320,0630,Eastreef Court,Long Bay,Auckland
1828540,2013,Eastridge Court,Northpark,Auckland
1840887,3286,East Ridge Grove,Newstead,Hamilton
1836310,3210,Eastridge Terrace,Huntington,Hamilton
3033036,9871,East Road,"Ascot,Kennington,Mill Road",Invercargill
1777270,9793,East Road,Athol,
3033043,4392,East Road,"Douglas,Stratford,Toko",Stratford
1776717,9877,East Road,Greenhills,Invercargill
1803621,4102,East Road,"Haumoana,Hawke Bay",Haumoana
1774716,9412,East Road,Otematata,
1810161,3081,East Road,Reporoa,
1790586,7883,East Road,Ruatapu,
1798083,4821,East Road,Shannon,
1779017,7901,East Road,Twizel,
3033045,3784,East Road,Waiterimu,
1832991,2120,Eastside Drive,Pukekohe,
1836398,8051,East Stream Lane,Northwood,Christchurch
1793361,5712,East Street,"Ahikouka,Greytown",Greytown
3001995,7700,East Street,"Allenton,Ashburton,Netherby",Ashburton
3002014,1010,East Street,Auckland Central,Auckland
3002010,3214,East Street,"Claudelands,Enderley",Hamilton
1831965,2113,East Street,Drury,
1797241,4702,East Street,Feilding,
1830942,0982,East Street,Mahurangi East,Warkworth
1801700,4785,East Street,Ohingaiti,Kimbolton
1827887,2110,East Street,Papakura,
1793353,5012,East Street,Petone,Lower Hutt
1827021,2120,East Street,Pukekohe,
1776088,9772,East Street,Pukerau,Gore
1812088,3411,East Street,Putaruru,
1813433,3225,East Street,Raglan,
1779517,7379,East Street,Rotherham,
1801233,4793,East Street,Taihape,
1820397,0483,East Street,Taipa,
1813184,3920,East Street,Taumarunui,
1799416,4410,East Street,Terrace End,Palmerston North
1777276,9884,East Street,Tokanui,
1835864,7271,East Street,Woodbourne,Blenheim
1795530,5794,East Street,Woodside,Greytown
1804835,4920,East Street,Woodville,
3026924,9092,East Taieri-Allanton Road,Allanton,Mosgiel
3038753,9092,East Taieri-Allanton Road,"Allanton,East Taieri,Owhiro",Mosgiel
1788506,7183,East Takaka Road,"East Takaka,Takaka,Upper Takaka",Takaka
3068463,,East Tamaki Road,"East Tamaki,Otara,Papatoetoe",Auckland
3049069,5887,East Taratahi Road,"East Taratahi,West Taratahi",Carterton
3027528,3378,East Taupo Arterial,"Maunganamu,Richmond Heights,Rotokawa,Tauhara,Wairakei,Wharewaka",Taupo
1833005,0632,Eastvale Close,Greenhithe,Auckland
1858517,0932,Eastview Crescent,Stanmore Bay,Whangaparaoa
1793248,5010,Eastview Grove,Normandale,Lower Hutt
3081065,0505,Eastview Lane,Mangawhai,
1797239,4702,Eastview Place,Feilding,
1831590,1072,Eastview Road,Glen Innes,Auckland
3054140,3994,Eastward Road,Taringamotu,
1800856,4500,East Way,Durie Hill,Whanganui
3007123,5773,East West Access Road,"Kahutara,Western Lake","Featherston,Kahutara"
3082310,7476,Eastwick Lane,Eyrewell,West Eyreton
3078674,9371,Eastwood Lane,Lower Shotover,Queenstown
1802403,7010,Eastwood Place,The Wood,Nelson
1821910,0630,Eastwood Rise,Browns Bay,Auckland
1785505,8083,Eastwood Rise,Waimairi Beach,Christchurch
1804309,4286,Eastwood Road,Ashley Clinton,Takapau
1809247,3110,Eaton Crescent,Matua,Tauranga
1797174,4500,Eaton Crescent,Otamatea,Whanganui
1782456,8011,Eaton Place,Christchurch Central,Christchurch
1853111,7608,Eaton Place,Lincoln,
1820400,0481,Eaton Road,Broadwood,Kohukohu
1831685,1042,Eaton Road,Hillsborough,Auckland
3000644,4171,Eaton Road,Kereru,Hastings
1803296,4120,Eaton Road,Saint Leonards,Hastings
1786557,7924,Eaton Street,Waimate,
1800750,5032,Eatwell Avenue,Paraparaumu Beach,Paraparaumu
1837932,0931,Eaves Bush Parade,Orewa,
1818791,0627,Eban Avenue,Hillcrest,Auckland
1833310,2103,Ebanjane Way,Clendon Park,Auckland
1947333,7081,Eban Road,Redwood Valley,Richmond
3081752,3187,Ebba Te Tua Place,Papamoa Beach,Papamoa
1802845,4195,Ebbett Road,Ohuka,Wairoa
1803295,4120,Ebbett Street,Raureka,Hastings
1782448,8062,Ebbtide Street,"South New Brighton,Southshore",Christchurch
1795244,3112,Ebbtide Way,Maungatapu,Tauranga
1792663,5018,Ebdentown Street,Ebdentown,Upper Hutt
3081636,7608,Ebenezer Drive,Lincoln,
1829588,2103,Ebenezer Way,Clendon Park,Auckland
1785372,7400,Ebert Place,Rangiora,
1833948,2473,Ebner Place,Kaiaua,
1816096,3210,Ebony Court,Rototuna North,Hamilton
1823618,0614,Ebony Place,Massey,Auckland
1784630,8053,Ebony Street,Bishopdale,Christchurch
1794788,6011,Ebor Street,Te Aro,Wellington
1816900,4312,Ebrington Place,Strandon,New Plymouth
3028042,7882,E B Road,"Kumara,Kumara Junction",Greymouth
1804995,4112,Ebury Mews,Taradale,Napier
1811193,3710,Eccles Avenue,Te Kauwhata,
1792658,5019,Ecclesfield Grove,Silverstream,Upper Hutt
3084690,8025,Eccles Place,Halswell,Christchurch
1828527,2023,Eccles Place,Otara,Auckland
1775975,9710,Eccles Street,Gore,
1794791,6011,Eccleston Hill,Thorndon,Wellington
3017560,8042,Echelon Drive,Wigram,Christchurch
1830275,2013,Echelon Place,East Tamaki,Auckland
1837404,7011,Echodale Place,Stoke,Nelson
1805942,3994,Echolands Road,Taumarunui,
3083237,4702,Echo Place,Feilding,
1772100,9010,Echovale Avenue,Normanby,Dunedin
3041702,0573,Echo Valley Road,Mangawhai,
1841008,3110,Echo Valley Way,Tauriko,Tauranga
3081308,2018,Eckford Lane,Maraetai,Auckland
1791154,7273,Eckfords Road,Dillons Point,
1788133,7010,Eckington Terrace,Nelson South,Nelson
1792132,5024,Eclipse Lane,Whitby,Porirua
1828532,2012,Eclipse Place,Half Moon Bay,Auckland
1813671,3210,Eclipse Rise,Flagstaff,Hamilton
1772715,9018,Eclipse Road,Burnside,Dunedin
1770873,9320,Eclipse Street,Alexandra,
1815831,3112,Eclipse Terrace,Welcome Bay,Tauranga
1843024,7893,Eco Place,Little Wanganui,Karamea
1817957,2016,Edbrooke Drive,Flat Bush,Auckland
1838683,3210,Eddlewood Court,Huntington,Hamilton
1832248,2102,Eddowes Street,Manurewa,Auckland
1811616,3473,Eddy Road,Matamata,
1773542,9210,Eddystone Street,Kaitangata,
1802292,4010,Edelsten Place,Tamarau,Gisborne
1792664,5018,Edelweiss Grove,Timberlea,Upper Hutt
1807011,3800,Eden Avenue,Te Awamutu,
1943517,9305,Eden Close,Wanaka,
1824805,1010,Eden Crescent,Auckland Central,Auckland
3016599,3110,Eden Crescent,Brookfield,Tauranga
1776444,9810,Eden Crescent,Glengarry,Invercargill
3077475,4471,Edendale Drive,Aokautere,
1824961,1021,Edendale Road,Kingsland,Auckland
1829586,2014,Edendale Road,Somerville,Auckland
3008550,9893,Edendale Seaward Downs Road,"Edendale,Seaward Downs","Edendale,Wyndham"
3056514,9893,Edendale Woodlands Highway,"Dacre,Edendale,Mabel Bush,Woodlands","Edendale,Invercargill"
3025247,9893,Edendale Wyndham Road,"Edendale,Menzies Ferry,Wyndham","Edendale,Wyndham"
1842089,0112,Eden Garden Place,Te Kamo,Whangarei
3084722,4471,Eden Lane,Aokautere,Aokautere
1802289,4010,Eden Lane,Gisborne,
3081609,4130,Eden Lane,Havelock North,
1798953,4581,Edenmore Road,Turakina,Marton
3078003,4410,Edenmore Terrace,Fitzherbert,Palmerston North
1815813,3210,Edenpark Drive,Rototuna North,Hamilton
1784621,8053,Eden Place,Bryndwr,Christchurch
1797243,4702,Eden Place,Feilding,
1827418,2120,Eden Place,Pukekohe,
1796729,4501,Eden Place,Tawhero,Whanganui
1826949,2120,Eden Road,Pukekohe,
1774656,9492,Eden Road,Rosebery,Oamaru
3024291,7175,Eden Road,Tasman,Upper Moutere
1788685,7081,Edens Road,Hope,Richmond
1770265,9400,Eden Street,"Ardgowan,Oamaru",Oamaru
1775332,9591,Eden Street,Beaumont,Lawrence
1794794,6023,Eden Street,Island Bay,Wellington
1798456,5510,Eden Street,Levin,
1795764,4472,Eden Street,Linton,Palmerston North
1832081,2024,Eden Street,Mangere East,Auckland
1776059,9712,Eden Street,Mataura,
1773540,9220,Eden Street,Milton,
1772788,9024,Eden Street,Mosgiel,
1825419,1023,Eden Street,Newmarket,Auckland
1820241,0410,Eden Terrace,Kaitaia,
1825694,1081,Eden Terrace,Onetangi,Waiheke Island
1826220,0112,Eden Terrace,Te Kamo,Whangarei
1804578,4200,Eden Terrace,Waipukurau,
1825099,1024,Edenvale Crescent,Mount Eden,Auckland
1831641,1024,Edenvale Park Road,Mount Eden,Auckland
1788682,7096,Eden Valley Road,Dovedale,Wakefield
1824959,1025,Eden View Road,Sandringham,Auckland
1785365,7610,Eders Road,Woodend,
1799858,5018,Edgar Grove,Kingsley Heights,Upper Hutt
1828028,2014,Edgar Pearce Place,Howick,Auckland
1786460,7986,Edgar Road,"Orton,Rangitata","Geraldine,Temuka"
1774079,9775,Edgars Road,Glenkenich,Gore
1824793,1022,Edgars Road,Westmere,Auckland
1807137,3204,Edgar Street,Frankton,Hamilton
1771659,9300,Edgar Street,Queenstown,
1772106,9010,Edgar Street,Wakari,Dunedin
3082888,7614,Edgar Way,Rolleston,
1799421,4414,Edgecombe Court,Roslyn,Palmerston North
1815376,3794,Edgecombe Drive,Glen Massey,
1804310,4287,Edgecombe Road,Ormondville,
1794793,6037,Edgecombe Street,Newlands,Wellington
1809254,,Edgecumbe Road,"Tauranga,Tauranga South",Tauranga
1814768,3193,Edgecumbe Soldiers Road,Edgecumbe,
1814359,3200,Edgecumbe Street,Whitiora,Hamilton
1805920,3110,Edgecumbe Way,Tauranga,
1796317,3193,Edgehaven Lane,Te Teko,Whakatane
1838603,3385,Edge Hill,Acacia Bay,Taupo
1794816,6011,Edge Hill,Mount Victoria,Wellington
1802106,7272,Edgehill Place,Fairhall,
1808725,3119,Edgehill Place,Te Puke,
1805680,4974,Edgeley Road,Norsewood,
1824799,1023,Edgerley Avenue,Epsom,Auckland
1821150,0981,Edgerley Road,Kaipara Flats,Warkworth
1778362,9773,Edge Road,Wendon Valley,Gore
1826539,0181,Edge Road,Whananaki,Hikurangi
1823608,0610,Edgerton Road,Te Atatu Peninsula,Auckland
1826226,0110,Edge Street,Onerahi,Whangarei
1841764,3206,Edgeview Crescent,Fitzroy,Hamilton
1774205,9024,Edgeware Avenue,Mosgiel,
1779206,,Edgeware Road,"Edgeware,St Albans",Christchurch
1799434,4410,Edgeware Road,Palmerston North,
1794815,6012,Edgeware Road,Wilton,Wellington
3069901,2113,Edgewater Drive,Karaka,Papakura
1828542,2010,Edgewater Drive,Pakuranga,Auckland
1821142,0931,Edgewater Grove,Orewa,
1813802,3120,Edgewater Grove,Whakatane,
1785760,8025,Edgewater Lane,Halswell,Christchurch
1827543,2123,Edgewater Parade,Waiuku,
1817607,0173,Edgewater Place,Matapouri,Whangarei
1837383,7273,Edgewater Place,Rarangi,Blenheim
1798085,5036,Edgewater Street,Waikanae,
1789874,7120,Edgewood Crescent,Motueka,
1839141,9305,Edgewood Place,Wanaka,
1822853,0612,Edgewood Way,Henderson,Auckland
3083394,7571,Edgeworth Road,Darfield,
1822517,0629,Edgeworth Road,Glenfield,Auckland
1831900,0173,Edginton Road,Glenbervie,Whangarei
1823614,0618,Edgware Road,West Harbour,Auckland
3079078,7615,Ed Hillary Drive,Rolleston,
1775330,9591,Edie Road,Kononi,Lawrence
1841428,8042,Edie Street,Wigram,Christchurch
1774077,9587,Edievale Road,"Dunrobin,Edievale",Tapanui
1827885,2113,Edinburgh Avenue,Rosehill,Papakura
1791555,7201,Edinburgh Crescent,Redwoodtown,Blenheim
1776432,9810,Edinburgh Crescent,Waikiwi,Invercargill
1771727,9300,Edinburgh Drive,Queenstown,
1775191,9230,Edinburgh Place,Balclutha,
1813604,3110,Edinburgh Place,Bethlehem,Tauranga
1807138,3216,Edinburgh Road,Hillcrest,Hamilton
1831588,1010,Edinburgh Street,Auckland Central,Auckland
1804712,4930,Edinburgh Street,Dannevirke,
1797238,4702,Edinburgh Street,Feilding,
1772714,9018,Edinburgh Street,Green Island,Dunedin
1798458,5510,Edinburgh Street,Levin,
1781741,7910,Edinburgh Street,Marchwiel,Timaru
1831719,1061,Edinburgh Street,Onehunga,Auckland
1817711,4520,Edinburgh Street,Patea,
1827438,2120,Edinburgh Street,Pukekohe,
1771188,9500,Edinburgh Street,Roxburgh,
1782441,8024,Edinburgh Street,Spreydon,Christchurch
1788493,7110,Edinburgh Street,Takaka,
1812253,3420,Edinburgh Street,Tokoroa,
1827523,2121,Edinburgh Street,Tuakau,
1808100,3611,Edinburgh Street,Waihi Beach,
1773170,9510,Edinburgh Street,Waikouaiti,
1782124,7924,Edinburgh Street,Waimate,
1794810,6023,Edinburgh Terrace,Berhampore,Wellington
1798572,4815,Edinburgh Terrace,Foxton Beach,Foxton
1832929,2019,Edingale Court,Flat Bush,Auckland
1797823,6037,Edington Grove,Churton Park,Wellington
1782427,8062,Edison Place,Bromley,Christchurch
1824797,1071,Edison Place,Saint Heliers,Auckland
1802296,4010,Edison Street,Outer Kaiti,Gisborne
1842259,4500,Edith Collier Drive,Otamatea,Whanganui
1807139,3204,Edith Place,Dinsdale,Hamilton
1821155,0986,Edith Place,Omaha,
1821143,0920,Edith Ridge Road,Kawau Island,
1775153,9018,Edith Street,Fairfield,Dunedin
1795026,5810,Edith Street,Masterton,
1824823,1022,Edith Street,Point Chevalier,Auckland
1790799,7201,Edith Street,Redwoodtown,Blenheim
1809245,3110,Edith Way,Matua,Tauranga
1830046,0230,Edkins Road,Kerikeri,
3083276,7612,Edlin Lane,Pegasus,
1797240,4702,Edmay Street,Feilding,
1799728,4500,Edmonds Drive,Otamatea,Whanganui
3078145,3114,Edmondson Lane,Omokoroa,
1806772,3671,Edmonds Road,Kerepehi,Paeroa
1819965,0293,Edmonds Road,Kerikeri,
3011066,8062,Edmonds Street,"Phillipstown,Woolston",Christchurch
1793429,5014,Edmonds Street,Wainuiomata,Lower Hutt
1825503,1061,Edmonton Avenue,"Onehunga,Penrose",Auckland
1822855,,Edmonton Road,"Henderson,Te Atatu South",Auckland
1784110,8042,Edmonton Road,Hornby South,Christchurch
3083155,9012,Edmund Anscombe Place,Caversham,Dunedin
1791646,7300,Edmund Avenue,Kaikoura,
1827889,2110,Edmund Hillary Avenue,Papakura,
1800137,5018,Edmund Lomas Grove,Birchville,Upper Hutt
1810162,3015,Edmund Road,"Mangakakahi,Sunnybrook",Rotorua
1803937,4110,Edmundson Street,Onekawa,Napier
1783813,7692,Edmunds Road,Ohoka,
1787707,8025,Edmund Storr Road,Halswell,Christchurch
1824816,1071,Edmund Street,Saint Heliers,Auckland
3077595,9382,Edna Lane,Lake Hawea,
1774774,9500,Ednam Street,Roxburgh,
1795963,3122,Edna Place,Opotiki,
1786608,8061,Edna Street,Avondale,Christchurch
3049762,9035,Edna Street,Ocean View,Dunedin
1817878,4610,Edna Wills Place,Hawera,
1829501,2025,Edney Lane,Papatoetoe,Auckland
1832436,2025,Edorvale Avenue,Manukau,Auckland
1786970,8051,Edron Place,Redwood,Christchurch
1822856,0612,Edsel Street,Henderson,Auckland
1840703,2104,Edsel Way,Manukau,Auckland
3080263,0932,Edward Abell Street,Wainui,
1786606,8013,Edward Avenue,"Edgeware,St Albans",Christchurch
1821165,0931,Edward Avenue,Orewa,
1829143,2023,Edward Avenue,Otara,Auckland
1811011,3771,Edward Avenue,Pukemiro,Ngaruawahia
1808285,3173,Edward Avenue,Pyes Pa,Tauranga
1834569,3500,Edward Bullen Place,Thames,
1796065,5032,Edward Court,Raumati South,Paraparaumu
1803936,4110,Edwardes Street,Napier South,Napier
1833822,0793,Edward Jonkers Drive,Riverhead,
3080275,9383,Edward Lane,Queensberry,Cromwell
3081570,7604,Edward Law Boulevard,Prebbleton,
1814059,3015,Edward Payton Grove,Pukehangi,Rotorua
3079924,2402,Edward Pope Lane,Pokeno,
1826537,0174,Edward Road,Tamaterau,Whangarei
1823613,0610,Edwards Avenue,Henderson,Auckland
1827436,2120,Edwards Court,Pukekohe,
3079839,7999,Edwards Lane,Lake Tekapo,
1814324,3600,Edwards Place,Paeroa,
1799420,4410,Edwards Place,Terrace End,Palmerston North
1779520,7392,Edwards Road,Balmoral,
1786175,7677,Edwards Road,Burnham,
3030737,9792,Edwards Road,"Castlerock,Mossburn","Lumsden,Mossburn"
1824820,1021,Edwards Road,Grey Lynn,Auckland
1788684,7175,Edwards Road,Lower Moutere,
1820589,0482,Edwards Road,Peria,Kaitaia
1836719,7582,Edwards Road,Wainui,French Farm
1821164,0981,Edwards Road,Warkworth,
1839901,4120,Edwards Street,Frimley,Hastings
1797386,4777,Edwards Street,Kimbolton,
1808107,3611,Edwards Street,Waihi Beach,
1806441,8025,Edward Stafford Avenue,Halswell,Christchurch
1786840,7476,Edwards Track,Eyrewell,West Eyreton
1772713,9018,Edward Street,Abbotsford,Dunedin
1798954,4818,Edward Street,Bulls,
1806105,3506,Edward Street,Coromandel,
1804714,4930,Edward Street,Dannevirke,
1819044,0310,Edward Street,Dargaville,
1797827,4900,Edward Street,Eketahuna,
1840985,3200,Edward Street,Grandview Heights,Hamilton
1780144,7608,Edward Street,Lincoln,
1802294,4010,Edward Street,Mangapapa,Gisborne
1792083,4710,Edward Street,Marton,
1773544,9220,Edward Street,Milton,
1810945,3720,Edward Street,Ngaruawahia,
1797867,4910,Edward Street,Pahiatua,
1781739,7910,Edward Street,Parkside,Timaru
1784114,7604,Edward Street,Prebbleton,
1785289,7400,Edward Street,Rangiora,
1786459,7992,Edward Street,Rangitata,Geraldine
1788674,7020,Edward Street,Richmond,
1821159,0820,Edward Street,Riverhead,
1794792,6011,Edward Street,Te Aro,Wellington
1809902,3910,Edward Street,Te Kuiti,
1815765,3500,Edward Street,Thames,
1812251,3420,Edward Street,Tokoroa,
1806850,3682,Edward Street,Waikino,Waihi
1782171,7924,Edward Street,Waimate,
1788680,7025,Edward Street,Wakefield,
1810163,3015,Edward Street,Western Heights,Rotorua
1838205,1023,Edward Wayte Place,Grafton,Auckland
3085205,3434,Edward Wells Road,Cambridge,Cambridge
1782050,7120,Edwin Chambers Drive,Motueka,
3049248,8025,Edwin Ebbett Place,Wigram,Christchurch
1792921,5810,Edwin Feist Place,Solway,Masterton
1823616,0612,Edwin Freeman Place,Ranui,Auckland
1838715,3110,Edwin Grove,Bethlehem,Tauranga
3084655,4120,Edwin James Way,Raureka,Hastings
1785425,7630,Edwin Lane,Kaiapoi,
1830941,0881,Edwin Mitchelson Road,Muriwai,
3005824,8081,Edwin Mouldey Track,"Scarborough,Sumner",Christchurch
1833774,3674,Edwin Road,Karangahake,
1792906,5010,Edwin Street,Belmont,Lower Hutt
1772102,9012,Edwin Street,Caversham,Dunedin
1775974,9710,Edwin Street,Gore,
1825140,1024,Edwin Street,Mount Eden,Auckland
1807140,3200,Edwin Street,St Andrews,Hamilton
1778320,8083,Edwins Way,Burwood,Christchurch
1833787,7604,Edwin Trent Drive,Prebbleton,
1790628,7804,Edwyn Street,Blackball,Greymouth
1837372,2016,Edzell Close,Flat Bush,Auckland
1840762,9305,Eely Point Access,Wanaka,
1771661,9305,Eely Point Road,Wanaka,
3002936,8083,Effingham Street,North New Brighton,Christchurch
1780142,7682,Efforts Road,Dunsandel,
1815074,3285,Egan Road,Whatawhata,Hamilton
1785283,7471,Egans Road,Fernside,Rangiora
1778573,9781,Egerton Road,Winton,
1788673,7096,Eggers Road,Golden Downs,Wakefield
1789690,7173,Eggers Road,Upper Moutere,
1779723,7382,Eggleston Road,Lowry Hills Range,Cheviot
1826951,2679,Eggleton Road,Patumahoe,Pukekohe
1795763,4775,Eggletons Road,Bunnythorpe,Palmerston North
1788683,7120,Eginton Street,Motueka,
1825132,1024,Eglinton Avenue,Mount Eden,Auckland
1842726,5024,Eglinton Close,Aotea,Porirua
1803482,4130,Eglinton Place,Havelock North,
1778656,9600,Eglinton Place,Te Anau,
3055153,,Eglinton Road,"Mornington,The Glen",Dunedin
3055154,4989,Eglinton Road,Pahiatua,
1782433,8061,Eglinton Street,Avondale,Christchurch
1778059,9720,Eglinton Street,Winton,
1824821,1052,Eglon Street,Parnell,Auckland
1815189,3420,Egmont Box Lane,Tokoroa,
1784623,8051,Egmont Place,Bishopdale,Christchurch
1799418,4412,Egmont Place,Westbrook,Palmerston North
3023186,,Egmont Road,"Egmont National Park,Egmont Village,Hillsborough,Kaimiro,Waiwhakaiho","Egmont National Park,Egmont Village,Kaimiro,New Plymouth"
1819262,0379,Egmont Road,Kaihu,
1810164,3010,Egmont Road,Ngongotaha,Rotorua
1800872,4501,Egmont Street,Castlecliff,Whanganui
1814360,3210,Egmont Street,Chartwell,Hamilton
1817544,4610,Egmont Street,Hawera,
1817360,4679,Egmont Street,Kaponga,Hawera
1772085,9010,Egmont Street,Liberton,Dunedin
1811948,4394,Egmont Street,Midhirst,Stratford
1818072,4310,Egmont Street,New Plymouth,
1818272,4614,Egmont Street,Normanby,Hawera
1800828,4625,Egmont Street,Ohakune,
1809250,3112,Egmont Street,Ohauiti,Tauranga
3048202,4520,Egmont Street,Patea,
1794805,6011,Egmont Street,Te Aro,Wellington
1787145,8081,Egnot Heights,Redcliffs,Christchurch
1777281,9892,Egremont Road,"Oware,Redan",Wyndham
1831174,0622,Egremont Street,"Bayswater,Belmont",Auckland
1805686,3112,Egret Avenue,Maungatapu,Tauranga
1829928,0632,Egret Court,Unsworth Heights,Auckland
3084034,0293,Egret Way,Kerikeri,
1836145,3210,Egton Lane,Flagstaff,Hamilton
3079151,9371,Eichardt Place,Jacks Point,Queenstown
1818710,2013,Eiger Place,Northpark,Auckland
1809255,3112,Eighteenth Avenue,Tauranga South,Tauranga
3080439,9304,Eighth Avenue,Lake Hayes,Queenstown
1809246,3110,Eighth Avenue,Tauranga,
1816429,4377,Eighth Avenue,Urenui,
1791493,7201,Eighth Lane,Redwoodtown,Blenheim
1941597,2018,Eighth View Avenue,Beachlands,Auckland
1788678,,Eighty Eight Valley Road,"Belgrove,Eighty Eight Valley,Wakefield",Wakefield
1838018,0582,Eilean Donan Drive,Waipu,
1829130,2023,Eileen Lane,Otara,Auckland
3082189,0612,Eileen Newey Place,Henderson,Auckland
1838085,0112,Eileen Stephens Place,Tikipunga,Whangarei
3082475,7615,Eileen Way,Rolleston,
3080808,7608,Eilken Lane,Lincoln,
1802297,4010,Einstein Street,Outer Kaiti,Gisborne
1797894,4983,Eisings Road,Pahiatua,
1814767,3120,Eivers Road,Whakatane,
3079834,0782,EJ Osborne Lane,Taupaki,
3079035,3210,Ekara Road,Flagstaff,Hamilton
3084838,1051,Eke Hoihi Crescent,"Ellerslie,Remuera",Auckland
1795011,4996,Eketahuna Tinui Road,Tinui,
1809903,3910,Eketone Street,Te Kuiti,
3053541,4374,Ekuarangi Place,Kaitake,New Plymouth
1782335,7193,Elaine Bay Road,Elaine Bay,Marlborough Sounds
3085648,7602,Elaines Way,Southbridge,Southbridge
1841945,7400,El Alamein Avenue,Rangiora,
1824798,1052,Elam Street,"Hobson Bay,Parnell",Auckland
1832101,2112,Elana Court,Conifer Grove,Takanini
1832627,0932,Elan Place,Stanmore Bay,Whangaparaoa
1842857,8025,Elba Crescent,Halswell,Christchurch
1772097,9011,Elbe Street,The Glen,Dunedin
1803935,4112,Elbourne Street,Taradale,Napier
1775825,9730,Elbow Lane,Lumsden,
1826947,2678,Elbow Road,Aka Aka,Waiuku
3053362,0612,Elcoat Avenue,"Henderson,Te Atatu South",Auckland
1836672,9305,Elderberry Crescent,Wanaka,
2014281,7011,Elderberry Lane,Stoke,Nelson
1818664,2013,Elderberry Road,Burswood,Auckland
1778293,9691,Elder Drive,Tuatapere,
1796134,5032,Elder Grove,Paraparaumu,
1816897,4310,Elder Grove,Whalers Gate,New Plymouth
1814569,3110,Elder Lane,Bethlehem,Tauranga
3078774,3334,Elder Lane,Turangi,
1773534,9220,Elderlee Street,Milton,
1838404,0614,Elder Place,Massey,Auckland
1784619,8083,Elder Place,Parklands,Christchurch
1776171,9773,Elder Road,East Chatton,Gore
3010518,9491,Elderslie Road,"Elderslie,Enfield",Oamaru
1783812,7692,Elders Road,Clarkville,Kaiapoi
1782172,7972,Elders Road,Maungati,Southburn
3004031,9016,Elder Street,"Dunedin Central,North Dunedin",Dunedin
1813952,3112,Elderton Avenue,Pyes Pa,Tauranga
1831173,0622,Elderwood Lane,Belmont,Auckland
1836340,8013,Elderwood Lane,Edgeware,Christchurch
1792908,5019,Eldon Grove,Taita,Lower Hutt
1790677,7805,Eldon Lane,Greymouth,
1825141,1024,Eldon Road,Mount Eden,Auckland
1786177,7682,Eldon Street,Dunsandel,
1822515,0622,Eldon Street,"Hauraki,Takapuna",Auckland
1776360,9810,Eldon Street,Hawthorndale,Invercargill
1837955,3400,Eldonwood Drive,Matamata,
1806106,3579,El Dorado Leader,Pauanui,
1981107,9310,Eldorado Place,Cromwell,
1773169,9471,Eldorado Road,Bucklands Crossing,Waikouaiti
1774080,9074,Eldorado Track,"Lee Flat,Middlemarch,Waipori","Middlemarch,Outram"
3081581,7610,Eldridge Street,Woodend,
3079858,8051,Eleanor Lane,Casebrook,Christchurch
1824795,0600,Eleanor Place,Blockhouse Bay,Auckland
1809662,3120,Eleanor Place,Whakatane,
1773682,9586,Eleanor Street,Papatowai,Owaka
1840702,2104,Eleanor Way,Manukau,Auckland
1792133,5024,Electra Lane,Cannons Creek,Porirua
3037829,9879,Electra Place,Invercargill Airport,Invercargill
1829119,2022,Electra Place,Mangere,Auckland
1787609,8042,Electra Place,Wigram,Christchurch
1842833,9310,Electric Place,Cromwell,
3084246,0612,Elegant Lane,Ranui,Auckland
1793535,5028,Elena Place,Tawa,Wellington
1840498,3112,Elena Place,Welcome Bay,Tauranga
1837400,3200,Elenora Close,Grandview Heights,Hamilton
3079069,7615,Eleonora Lane,Rolleston,
1782173,7977,Elephant Hill Back Road,Elephant Hill,Waimate
3040074,7977,Elephant Hill Road,"Elephant Hill,Ikawai,Waihao Downs",Waimate
3078567,2019,Elevation Street,Flat Bush,Auckland
3082554,9371,Elevator Lane,Jacks Point,Queenstown
1809183,3110,Eleventh Avenue,"Judea,Tauranga",Tauranga
3080442,9304,Eleventh Avenue,"Lake Hayes,Lower Shotover",Queenstown
3075346,7201,Eleventh Lane,Witherlea,Blenheim
1795637,5772,Elgars Road,Kahutara,
1825584,1023,Elgar Street,Royal Oak,Auckland
1816894,4312,Elgin Grove,Merrilands,New Plymouth
1802657,4010,Elgin Lane,Elgin,Gisborne
1775076,9024,Elgin Place,Mosgiel,
1842421,7604,Elgin Place,Prebbleton,
1821149,0932,Elgin Place,Red Beach,
1826225,0112,Elgin Place,Te Kamo,Whangarei
1778058,9720,Elgin Rise,Winton,
3000074,9011,Elgin Road,"Balaclava,Kenmure,Maryhill,Mornington",Dunedin
1781175,7777,Elgin Road,Elgin,Ashburton
1781852,7910,Elginshire Street,Washdyke,Timaru
1777267,9793,Elgin Street,Athol,
3073372,9783,Elgin Street,"Benmore,Centre Bush,South Hillend","Dipton,Winton"
3073371,9810,Elgin Street,"Grasmere,Waikiwi",Invercargill
1824809,1021,Elgin Street,Grey Lynn,Auckland
1787589,7971,Elgin Street,Normanby,Timaru
1786607,8023,Elgin Street,Sydenham,Christchurch
3073373,9510,Elgin Street,Waikouaiti,
1787958,7891,Elgin Street,Waimangaroa,Westport
1778624,9818,Elgin Terrace,"Halfmoon Bay,Halfmoon Bay / Oban,Stewart Island/Rakiura",Stewart Island
1800554,6035,Elgin Way,Khandallah,Wellington
1811010,3793,Elgood Road,"Glen Massey,Ngaruawahia",
1821146,0900,El Hama Road,Wellsford,
1833225,2105,Elias Court,The Gardens,Auckland
1791153,7282,Elie Bay Road,Crail Bay,Marlborough Sounds
1812280,2103,Elie Place,Wattle Downs,Auckland
1829127,2010,Elimar Drive,Sunnyhills,Auckland
3085621,5018,Elina Way,Heretaunga,Upper Hutt
3064241,0484,Elingamite Drive,"Houhora,Pukenui",Pukenui
1816899,4310,Eliot Heights,Hurdon,New Plymouth
1812747,3432,Eliot Place,Leamington,Cambridge
1771232,9571,Eliot Road,Shingle Creek,Roxburgh
1807141,3214,Eliot Street,Enderley,Hamilton
3015386,4310,Eliot Street,"New Plymouth,Welbourn",New Plymouth
1782174,7988,Eliot Street,Saint Andrews,
1832447,0612,Elisa Lane,Ranui,Auckland
1788780,7201,Elisha Drive,Witherlea,Blenheim
1795738,9383,Elite Court,Mount Pisa,Cromwell
1841823,7671,Elizabeth Allen Drive,West Melton,
1831589,1071,Elizabethan Gardens,Saint Heliers,Auckland
1775077,9024,Elizabeth Avenue,East Taieri,Mosgiel
1792661,5018,Elizabeth Avenue,Heretaunga,Upper Hutt
1811630,3300,Elizabeth Avenue,Morrinsville,
1832439,2025,Elizabeth Avenue,Papatoetoe,Auckland
1781172,7710,Elizabeth Avenue,Rakaia,
1812917,3800,Elizabeth Avenue,Te Awamutu,
1770266,9400,Elizabeth Crescent,Oamaru North,Oamaru
1812252,3420,Elizabeth Drive,Tokoroa,
1823617,0618,Elizabeth Drive,West Harbour,Auckland
1808927,4332,Elizabeth Grove,Stratford,
3044756,1072,Elizabeth Knox Place,Saint Johns,Auckland
1780700,7700,Elizabeth Place,Allenton,Ashburton
1803624,4102,Elizabeth Place,Clive,
1787546,9330,Elizabeth Place,Clyde,
1827626,2577,Elizabeth Place,Drury,
1816893,4310,Elizabeth Place,Ferndale,New Plymouth
1774284,9300,Elizabeth Place,Kelvin Heights,Queenstown
3001296,0630,Elizabeth Place,Mairangi Bay,Auckland
1838289,7910,Elizabeth Place,Timaru,
1830944,0920,Elizabeth Point Road,Kawau Island,
1803939,4110,Elizabeth Road,Bluff Hill,Napier
1779722,7382,Elizabeth Road,Cheviot,
1786139,7481,Elizabeth Square,Leithfield,
1787247,7700,Elizabeth Street,"Allenton,Ashburton",Ashburton
3031570,9812,Elizabeth Street,"Appleby,Strathern",Invercargill
1773361,9230,Elizabeth Street,Balclutha,
1807142,3200,Elizabeth Street,Beerescourt,Hamilton
1778818,9814,Elizabeth Street,Bluff,
1812750,3434,Elizabeth Street,Cambridge,
1781431,7984,Elizabeth Street,Cave,
3031596,7073,Elizabeth Street,Collingwood,
1800945,4702,Elizabeth Street,Feilding,
1824807,1011,Elizabeth Street,Freemans Bay,Auckland
1780542,7673,Elizabeth Street,Glentunnel,
1775976,9710,Elizabeth Street,Gore,
1790740,7805,Elizabeth Street,Greymouth,
1772090,9011,Elizabeth Street,Kenmure,Dunedin
3031620,0112,Elizabeth Street,Kensington,Whangarei
3031578,9382,Elizabeth Street,Lake Hawea,
1801152,5510,Elizabeth Street,Levin,
1800701,4472,Elizabeth Street,Linton,Palmerston North
3031576,9483,Elizabeth Street,Macraes,Macraes Flat
1795146,5810,Elizabeth Street,Masterton,
1811549,3400,Elizabeth Street,Matamata,
1773466,9220,Elizabeth Street,Milton,
1792907,5010,Elizabeth Street,Moera,Lower Hutt
1825139,1024,Elizabeth Street,"Mount Eden,Sandringham",Auckland
1799995,6011,Elizabeth Street,Mount Victoria,Wellington
1809661,3121,Elizabeth Street,Ohope,
1830875,0931,Elizabeth Street,Orewa,
1829118,2010,Elizabeth Street,Pakuranga,Auckland
1799432,4410,Elizabeth Street,Palmerston North,
1827919,2110,Elizabeth Street,Papakura,
1817710,4520,Elizabeth Street,Patea,
1801648,5012,Elizabeth Street,Petone,Lower Hutt
1801404,5026,Elizabeth Street,Pukerua Bay,Porirua
1812071,3411,Elizabeth Street,Putaruru,
1785285,7400,Elizabeth Street,Rangiora,
1788005,7830,Elizabeth Street,Reefton,
1784202,,Elizabeth Street,Riccarton,Christchurch
1788675,7020,Elizabeth Street,Richmond,
1790802,7201,Elizabeth Street,Riversdale,Blenheim
1777698,9822,Elizabeth Street,Riverton/Aparima,
1786176,7614,Elizabeth Street,Rolleston,
1781856,7910,Elizabeth Street,"Seaview,Timaru",Timaru
1801093,4821,Elizabeth Street,Shannon,
1812578,3330,Elizabeth Street,Tauhara,Taupo
1809190,3110,Elizabeth Street,Tauranga,
1809904,3910,Elizabeth Street,Te Kuiti,
1827519,2121,Elizabeth Street,Tuakau,
1810165,3010,Elizabeth Street,"Utuhina,Victoria",Rotorua
1808106,3611,Elizabeth Street,Waihi Beach,
1791916,5036,Elizabeth Street,Waikanae,
1782175,7924,Elizabeth Street,Waimate,
1820802,0910,Elizabeth Street,Warkworth,
3044917,8025,Eliza Place,Aidanfield,Christchurch
1839101,3200,Eliza Place,Grandview Heights,Hamilton
3080762,3114,Eliza Place,Omokoroa,
3081428,7710,Eliza Way,Rakaia,
3083108,7477,Eliza Way,Sefton,
3083085,0932,Eliza Way,Wainui,
1837543,2013,El Kobar Drive,East Tamaki,Auckland
3077857,9300,Elk Place,Kelvin Heights,Queenstown
1837410,0612,Elkstone Place,Henderson,Auckland
3078507,0981,Ella Anne Crescent,Warkworth,
3082502,9382,Ellacott Lane,Lake Hawea,
3059451,7700,Ella Lane,Allenton,Ashburton
3081269,9018,Ella Lane,Green Island,Dunedin
1821909,0630,Ellangowan Road,Waiake,Auckland
1809382,3200,Ella Place,Grandview Heights,Hamilton
1798562,3118,Ella Place,Papamoa Beach,Papamoa
3083533,7614,Ella Street,Rolleston,
1819510,0627,Ellen Avenue,Hillcrest,Auckland
1830077,0932,Ellenbury Place,Stanmore Bay,Whangaparaoa
1781003,7010,Ellendale Street,Marybank,Nelson
1833917,9371,Ellen Johnson Terrace,Lake Hayes,Queenstown
1829524,2025,Ellen Lane,Papatoetoe,Auckland
1785074,7630,Ellen Place,Kaiapoi,
1819315,0505,Ellen Street,Mangawhai Heads,Mangawhai
1829120,2102,Ellen Street,Manurewa East,Auckland
1794811,6011,Ellers Avenue,Te Aro,Wellington
1799643,4702,Ellerslea Lane,Feilding,
1775556,9010,Ellersley Street,Halfway Bush,Dunedin
1807143,3210,Ellerslie Avenue,Chartwell,Hamilton
3079869,7608,Ellerslie Lane,Lincoln,
3070175,1060,Ellerslie-Panmure Highway,"Mount Wellington,Panmure",Auckland
1824888,1051,Ellerslie Park Road,Ellerslie,Auckland
1818367,4112,Ellerslie Place,Taradale,Napier
1830442,1051,Ellerslie Racecourse Drive,Remuera,Auckland
1825134,1024,Ellerton Road,Mount Eden,Auckland
1794809,6012,Ellerton Way,Karori,Wellington
1786417,7992,Ellery Road,Belfield,Geraldine
3056056,3720,Ellery Street,Ngaruawahia,
1784622,8052,Ellery Street,Northcote,Christchurch
1814991,3720,Ellery Street East,Ngaruawahia,
1818073,4312,Ellesmere Avenue,Bell Block,New Plymouth
3040551,9371,Ellesmere Avenue,Jacks Point,Queenstown
1794813,6022,Ellesmere Avenue,Miramar,Wellington
1842187,3112,Ellesmere Close,Pyes Pa,Tauranga
1799417,4412,Ellesmere Crescent,Highbury,Palmerston North
1829121,2010,Ellesmere Crescent,Pakuranga Heights,Auckland
3019940,,Ellesmere Junction Road,"Burnham,Lincoln,Springston",
1787153,7910,Ellesmere Place,Oceanview,Timaru
3065231,7674,Ellesmere Road,"Halswell,Lincoln,Prebbleton","Christchurch,Lincoln,Prebbleton"
1955738,8083,Ellesmere Street,Marshland,Christchurch
1772284,9022,Ellesmere Street,Ravensbourne,Dunedin
3022350,,Elles Road,"Georgetown,Kew,Kingswell,Strathern,Turnbull Thomson Park",Invercargill
1777706,9610,Elles Road,Otautau,
1826952,2580,Ellett Road,Karaka,Papakura
1841602,2580,Ellett Road West,Karaka,Papakura
1833977,7825,Elley Drive,Carters Beach,Westport
1822677,0629,Ellice Road,"Glenfield,Totara Vale,Wairau Valley",Auckland
1794804,6011,Ellice Street,"Mount Cook,Mount Victoria",Wellington
1805943,3200,Ellicott Road,Nawton,Hamilton
3035599,3879,Ellicott Road,"Parawera,Rotoorangi","Cambridge,Parawera"
3015572,9382,Ellie Place,Lake Hawea,
1772289,9013,Elliffe Place,Shiel Hill,Dunedin
1805361,4286,Ellingham Road,Ashley Clinton,Takapau
1804765,4971,Ellingham Road,Waione,Weber
1834338,7614,Ellington Mews,Rolleston,
3081217,9371,Elliot Close,Arrowtown,
1806107,3674,Elliot Road,Hikutaia,Paeroa
1817707,4597,Elliot Road,"Patea,Waverley",
1779898,7483,Elliots Road,Greta Valley,
1774972,9013,Elliot Street,Andersons Bay,Dunedin
1791157,7202,Elliot Street,Grovetown,Blenheim
1828029,2014,Elliot Street,Howick,Auckland
1816542,4330,Elliot Street,Inglewood,
1827918,,Elliot Street,"Pahurehure,Papakura",Papakura
1820800,0820,Elliot Street,Riverhead,
1807006,3610,Elliot Street,Waihi,
1822676,0629,Elliott Avenue,"Bayview,Glenfield",Auckland
1803480,4130,Elliott Crescent,Havelock North,
1810166,3010,Elliott Crescent,Owhata,Rotorua
3085389,7193,Elliott Peak Way,Okiwi Bay,Okiwi Bay
1775368,9772,Elliott Road,Kaiwera,Gore
3068571,4998,Elliott Road,"Papatawa,Woodville",Woodville
1840491,0632,Elliott Rose Avenue,Albany,Auckland
1787223,7471,Elliotts Road,Cust,
1824796,1010,Elliott Street,Auckland Central,Auckland
1787960,7891,Elliott Street,Denniston,Westport
1794802,6037,Elliott Street,Johnsonville,Wellington
3006901,3122,Elliott Street,Opotiki,
1799345,4414,Elliott Street,Roslyn,Palmerston North
1803933,4112,Elliott Street,Taradale,Napier
1789584,7010,Elliott Street,The Wood,Nelson
1811719,4320,Elliott Street,Waitara,
1838520,0632,Elliotts Way,Pinehill,Auckland
3043564,9292,Elliotvale Road,"Kaitangata,Lovells Flat,Milton","Kaitangata,Milton"
1808335,3176,Elliot Way,Minden,Tauranga
1825187,1041,Ellis Avenue,Mount Roskill,Auckland
1809905,3910,Ellison Avenue,Te Kuiti,
1829140,2010,Ellison Place,Pakuranga Heights,Auckland
1803294,4122,Ellison Road,"Hastings,Parkvale",Hastings
1804358,4974,Ellison Road,"Norsewood,Takapau",
1772269,9077,Ellison Road,Otakou,Dunedin
3001885,4110,Ellison Street,Napier South,Napier
1804580,4202,Ellison Street,Otane,
1777273,9793,Ellis Road,Acton,
1803620,4171,Ellis Road,Kereru,Hastings
3009535,3987,Ellis Road,Maniaiti / Benneydale,Te Kuiti
3009532,7971,Ellis Road,"Normanby,Salisbury",Timaru
1807880,3974,Ellis Road,Otorohanga,
1785287,7400,Ellis Road,Rangiora,
1770914,9320,Ellis Street,Alexandra,
1788672,7022,Ellis Street,Brightwater,
1814361,3204,Ellis Street,Frankton,Hamilton
3006415,4120,Ellis Street,"Frimley,Mahora",Hastings
1787539,7775,Ellis Street,Hinds,Ashburton
1772267,9016,Ellis Street,North Dunedin,Dunedin
3084399,7882,Ellis Terrace,Seaview,Hokitika
1820791,0932,Elliston Crescent,Stanmore Bay,Whangaparaoa
1803623,4182,Ellis Wallace Road,Eskdale,Napier
1838254,2120,Ellivani Rise,Pukekohe,
1802017,4078,Ellmers Road,Hangaroa,Manutuke
1797893,4982,Ellmers Road,Pahiatua,
1802910,4072,Ellmers Road,Patutahi,Gisborne
1805750,4274,Ellmers Road,Tikokino,
3082099,7610,Ellmers Street,Woodend,
1794796,6035,Ellora Street,Ngaio,Wellington
1785570,7910,Elloughton Crescent,Marchwiel,Timaru
1783979,8025,Ell Place,Halswell,Christchurch
1836092,3210,Ellsworth Place,Chartwell,Hamilton
1794801,6037,Ellwood Place,Churton Park,Wellington
1838537,4702,Elly Court,Feilding,
1815602,3010,Elmbridge Place,Owhata,Rotorua
3078220,7930,Elm Close,Geraldine,
3083991,3112,Elm Court,Gate Pa,Tauranga
1776373,9810,Elm Crescent,Gladstone,Invercargill
1782424,8011,Elmdale Lane,Phillipstown,Christchurch
1829133,2022,Elmdon Street,Mangere,Auckland
1812214,7400,Elm Drive,Rangiora,
1790264,7805,Elmer Lane,Greymouth,
1809184,3110,Elmes Place,Matua,Tauranga
1835821,7410,Elm Grove,Amberley,
3021529,8011,Elm Grove,"Christchurch Central,Linwood",Christchurch
1816892,4310,Elm Grove,Westown,New Plymouth
1836966,0632,Elm Haven,Fairview Heights,Auckland
1780543,7571,Elmhurst Road,Darfield,
1807144,3210,Elmira Avenue,Chartwell,Hamilton
1799351,4410,Elmira Avenue,Hokowhitu,Palmerston North
1800550,6011,Elmira Avenue,Mount Cook,Wellington
1831071,0630,Elmira Place,Browns Bay,Auckland
1775973,9710,Elm Lane,Gore,
1813667,3110,Elmley Place,Bethlehem,Tauranga
3037241,0793,Elmore Road,"Lucas Heights,Paremoremo",Auckland
1826222,0112,Elm Place,Tikipunga,Whangarei
3079736,4284,Elm Place,Waipukurau,
1803290,4122,Elm Road,Akina,Hastings
3085466,4472,Elm Road,Turitea,Palmerston North
1772281,9016,Elm Row,Dunedin Central,Dunedin
1789787,7020,Elmsdale Close,Richmond,
1787394,7910,Elmsdale Terrace,Marchwiel,Timaru
1805398,4295,Elmshill Road,Elsthorpe,
1826538,0179,Elmsley Road,Maungatapere,Whangarei
3017471,7193,Elmslie Bay,"Elmslie Bay,French Pass / Anaru",Marlborough Sounds
1787680,8025,Elmslie Grove,Halswell,Christchurch
1814858,3010,Elmslie Place,Owhata,Rotorua
1781435,7992,Elmslie Road,Orari,Temuka
1792586,5019,Elmslie Road,Pinehaven,Upper Hutt
3084692,7371,Elms Road,Peketa,Kaikoura
1836591,7011,Elms Street,Stoke,Nelson
1841187,5794,Elmstead Lane,Greytown,
1824815,1050,Elmstone Avenue,Remuera,Auckland
1824802,1026,Elm Street,Avondale,Auckland
1792587,5018,Elm Street,Ebdentown,Upper Hutt
1781854,7910,Elm Street,Gleniti,Timaru
1796810,4501,Elm Street,Gonville,Whanganui
1802293,4010,Elm Street,Mangapapa,Gisborne
1811631,3300,Elm Street,Morrinsville,
1832070,2123,Elm Street,Waiuku,
1774347,9300,Elm Tree Avenue,Frankton,Queenstown
1785417,8083,Elmtree Close,Parklands,Christchurch
1799344,4414,Elm Tree Court,Palmerston North,
1851012,7774,Elm Tree Lane,Huntingdon,Ashburton
1791536,7201,Elmwood Avenue,Witherlea,Blenheim
1807145,3200,Elmwood Crescent,Pukete,Hamilton
1774592,9024,Elmwood Drive,Mosgiel,
1837162,7604,Elmwood Drive,Prebbleton,
3082242,7730,Elmwood Farm Lane,Methven,
1838481,5810,Elmwood Grove,Masterton,
1840098,7700,Elmwood Grove,Tinwald,Ashburton
1814160,3176,Elmwood Lane,Minden,Tauranga
1811196,3283,Elmwood Lane,Tamahere,Hamilton
1829149,2102,Elmwood Place,Manurewa,Auckland
1808332,3178,Elmwood Road,Aongatete,
1782426,8052,Elmwood Road,Strowan,Christchurch
1777713,9679,Elmwood Station Road,The Key,Manapouri
1838313,3118,Eloise Court,Papamoa Beach,Papamoa
1830274,2103,Eloise Place,Clendon Park,Auckland
3085417,0992,Elon Lane,Wainui,Wainui
3081302,8025,El Patron Lane,Halswell,Christchurch
1800551,6022,Elphinstone Avenue,Strathmore Park,Wellington
1825189,1041,Elphinstone Avenue,Wesley,Auckland
1823347,4414,El Prado Drive,Milson,Palmerston North
3067398,3187,El Questro Drive,Papamoa,
1827728,2112,Elrita Place,Conifer Grove,Takanini
1789273,7011,Elsa Kidson Court,Stoke,Nelson
1829122,2023,Elsa Lane,Otara,Auckland
1832712,2013,Els Close,Golflands,Auckland
1802291,4010,Elsdon Best Street,Riverdale,Gisborne
3084186,3400,El Segundo Place,Matamata,
1818695,0630,Elsfield Place,Torbay,Auckland
1818122,4373,Elsham Road,"Lepperton,Waiongana","Inglewood,New Plymouth"
1829965,2123,Elsie Drive,Waiuku,
3083512,8051,Elsie Lange Way,Casebrook,Christchurch
1827915,2110,Elsie Morton Place,Papakura,
3081679,9024,Elsie Purnell Place,Mosgiel,
1778342,9710,Elsie Street,Gore,
3080508,8025,Elsie Street,Halswell,Christchurch
1838961,0112,Elsie's Way,Te Kamo,Whangarei
3083833,5512,Elsies Way,Otaki,
1785966,3620,Elsinore Close,Whangamata,
1811949,4332,Elsinore Street,Stratford,
1798689,4591,Elslea Road,Waverley,
1836562,2010,Elsmore Crescent,Sunnyhills,Auckland
1786916,8042,Elsom Lane,Avonhead,Christchurch
1830191,9310,Elspeth Street,Cromwell,
1829123,2105,Elsted Place,Goodwood Heights,Auckland
1802299,4010,Elsthorpe Avenue,Mangapapa,Gisborne
3053425,4277,Elsthorpe Road,"Elsthorpe,Otane",
1770590,9494,Elstone Road,Georgetown,Oamaru
1776365,9812,Elston Lane East,Strathern,Invercargill
1776363,9812,Elston Lane West,Strathern,Invercargill
1782420,8024,Elstow Place,Spreydon,Christchurch
3066619,1072,Elstree Avenue,"Glen Innes,Point England",Auckland
1777275,9778,Elswick Street,Waikaia,
3037837,,Eltham Road,"Awatuna,Eltham,Kaponga,Mangatoki,Opunake,Riverlea,Te Kiri","Eltham,Hawera,Opunake,Stratford"
1790801,7201,Eltham Road,Blenheim,
1831592,1071,Eltham Road,Kohimarama,Auckland
1774177,9302,Elva Dawson Place,Arrowtown,
1786968,8053,Elvira Court,Bishopdale,Christchurch
1823611,0612,Elvira Place,Ranui,Auckland
1826221,0112,El Viso Place,Te Kamo,Whangarei
1789472,7096,Elvys Road,"Glenhope,Tapawera","St. Arnaud,Wakefield"
1837108,0612,Elwarth Way,Ranui,Auckland
1824889,1051,Elwood Place,Ellerslie,Auckland
3022468,4172,Elwood Road,"Tomoana,Waipatu",Hastings
1782176,7972,Elworthys Road,Maungati,Southburn
3043125,7912,Elworthy Street,Pareora,
1782453,8081,Elworthy Way,Richmond Hill,Christchurch
1838296,2016,Elwyn Close,Flat Bush,Auckland
1772743,9018,Elwyn Crescent,Green Island,Dunedin
1786969,8042,Elwyn Place,Avonhead,Christchurch
1824810,1050,Ely Avenue,Remuera,Auckland
1793427,5014,Ely Grove,Wainuiomata,Lower Hutt
1809189,3110,Ely Place,Bethlehem,Tauranga
1798461,5510,Ely Place,Levin,
3054592,9371,Elysium Way,"Lake Hayes,Speargrass Flat",Queenstown
1782444,8013,Ely Street,Christchurch Central,Christchurch
1778358,9712,Ely Street,Mataura,
1790807,7201,Elzy Street,Blenheim,
3081807,4183,Ema Kurupo Lane,Puketapu,Napier
1788134,7010,Emano Street,Toi Toi,Nelson
1811937,3320,Ema Street,Te Aroha,
1839488,0571,Emay Crescent,Pahi,Paparoa
3063041,7674,Embankment Road,Lincoln,
3084535,4110,Embankment Road,"Pandora,Poraiti,Westshore",Napier
1822666,0629,Embassy Place,Glenfield,Auckland
1829871,2013,Embleton Close,Northpark,Auckland
1829128,2012,Embling Place,Eastern Beach,Auckland
1774967,9012,Embo Street,Caversham,Dunedin
3084354,8022,Emeline Chapman Drive,Cracroft,Christchurch
1841955,0932,Emell Street,Silverdale,
1808338,3172,Emeny Road,Whakamarama,
3082031,2113,Emerald Avenue,Rosehill,Papakura
3047472,9382,Emerald Bluffs Lane,Glendhu Bay,Wanaka
1841229,3385,Emerald Glade Road,Nukuhau,Taupo
1796136,5032,Emerald Glen Road,Paekakariki,
1803502,4130,Emerald Hill,Havelock North,
1792585,5018,Emerald Hill Drive,Birchville,Upper Hutt
1799908,5571,Emerald Hills Road,Koputaroa,Shannon
1785674,8022,Emerald Lane,Cashmere,Christchurch
1814362,3210,Emerald Place,Chartwell,Hamilton
1809352,3118,Emerald Place,Papamoa Beach,Papamoa
1833828,9593,Emerald Road,Waitahuna West,Lawrence
1815840,3118,Emerald Shores Drive,"Papamoa,Papamoa Beach",Papamoa
1831733,1023,Emerald Street,Epsom,Auckland
1810167,3015,Emerald Street,Pukehangi,Rotorua
1830112,0632,Emerald Way,Rosedale,Auckland
1811194,2474,Emere Place,Meremere,Mercer
1780037,8971,Emerson Crescent,Diamond Harbour,
1839675,7614,Emerson Lane,Rolleston,
1807147,3214,Emerson Place,Enderley,Hamilton
1829138,2023,Emerson Road,Clover Park,Auckland
3002848,7773,Emersons Road,"Coldstream,Lowcliffe",Ashburton
1782451,8024,Emerson Street,Addington,Christchurch
1796812,4500,Emerson Street,Aramoho,Whanganui
1794803,6023,Emerson Street,Berhampore,Wellington
1772746,9018,Emerson Street,Concord,Dunedin
1803934,4110,Emerson Street,Napier South,Napier
1793378,5012,Emerson Street,Petone,Lower Hutt
1824814,1071,Emerson Street,Saint Heliers,Auckland
1811938,3320,Emerson Street,Te Aroha,
1814570,,Emerton Road,"Athenree,Waihi Beach",Waihi Beach
1822667,0629,Emery Grove,Bayview,Auckland
1809350,3118,Emery Place,Papamoa Beach,Papamoa
1810168,3074,Emery Road,Rotoiti Forest,Rotorua
1841130,3210,Emery Way,Flagstaff,Hamilton
1834655,3288,Emilia Lane,Whatawhata,Hamilton
1835358,1072,Emilia Nixon Lane,Stonefields,Auckland
3011418,8081,Emily Heights,Moncks Bay,Christchurch
3084570,8025,Emily Knowles Drive,Hoon Hay,Christchurch
1831201,0632,Emily Lane,Greenhithe,Auckland
1824800,1010,Emily Place,Auckland Central,Auckland
1809188,3110,Emily Place,Bellevue,Tauranga
3080739,7615,Emily Place,Rolleston,
1772480,9016,Emily Siedeberg Place,North Dunedin,Dunedin
3079458,1072,Emily Smith Road,Wai o Taiki Bay,Auckland
1802295,4010,Emily Street,Riverdale,Gisborne
1794814,6012,Emily Way,Karori,Wellington
1986952,8051,Eminence Drive,Northwood,Christchurch
1773162,9483,Emin Street,Nenthorn,Macraes Flat
3078076,0932,Emirali Road,Silverdale,
1822675,0629,Emirau Place,Glenfield,Auckland
1772790,9024,Emlen Place,Mosgiel,
1786605,8061,Emlyn Place,Avondale,Christchurch
1818514,0630,Emlyn Place,Torbay,Auckland
3084499,3010,Emma Alley,Kawaha Point,Rotorua
1829765,2013,Emma Court,Northpark,Auckland
1813636,3216,Emmadale Lane,Hamilton East,Hamilton
1839250,5573,Emma Drive,Manakau,
3083087,0932,Emma Lane,Wainui,
1810876,3700,Emmanuel Place,Huntly,
1815523,3591,Emma Place,Hahei,Whitianga
1838314,3118,Emma Place,Papamoa Beach,Papamoa
1807148,3200,Emma Place,Pukete,Hamilton
1986957,8083,Emma Street,Marshland,Christchurch
1814792,3127,Emme Allan Road,Kawerau,
1830438,2110,Emmerdale Avenue,Papakura,
1815450,3591,Emmerdale Drive,Hahei,Whitianga
1791797,4412,Emmerdale Mews,Highbury,Palmerston North
1838910,3112,Emmerdale Place,Ohauiti,Tauranga
1785288,7402,Emmett Place,Waikuku Beach,
1809180,3112,Emmett Street,Greerton,Tauranga
3047729,1011,Emmett Street,"Herne Bay,Saint Marys Bay",Auckland
1782434,8013,Emmett Street,"Mairehau,Shirley",Christchurch
1794795,6021,Emmett Street,Newtown,Wellington
1829142,2112,Emory Drive,Conifer Grove,Takanini
1825697,1081,Empire Avenue,Oneroa,Waiheke Island
3081792,3187,Empire Crescent,Papamoa,
1821875,0624,Empire Road,Devonport,Auckland
1824817,1023,Empire Road,Epsom,Auckland
1784628,8083,Empire Road,Kainga,Christchurch
1820789,0931,Empire Road,Orewa,
3014482,3200,Empire Rose Drive,Te Rapa,Hamilton
1812749,3434,Empire Street,Cambridge,
1805437,4930,Empire Street,Dannevirke,
1840572,0371,Empire Street,Dargaville,
1814363,3204,Empire Street,Frankton,Hamilton
1820239,0410,Empire Street,Kaitaia,
3085013,9382,Empire Way,Cardrona,Wanaka
1830234,0800,Empressa Heights,Helensville,
1785642,8025,Empress Place,Halswell,Christchurch
1829708,2120,Emsworth Court,Pukekohe,
1832546,2016,Emyvalie Place,Dannemora,Auckland
3080561,2578,Enchantment Lane,Karaka,Papakura
1983170,3791,Enclave Lane,Taupiri,
3083199,2578,Encore Lane,Karaka,Papakura
3084567,7630,Endacott Lane,Kaiapoi,
1802288,4010,Endcliffe Road,Kaiti,Gisborne
1810169,3072,Endean Road,Ngongotaha Valley,Rotorua
1807149,3210,Endeavour Avenue,Flagstaff,Hamilton
1794797,6022,Endeavour Avenue,Lyall Bay,Wellington
1809182,3112,Endeavour Avenue,Welcome Bay,Tauranga
1805820,3510,Endeavour Close,Whitianga,
3049867,9494,Endeavour Crescent,Oamaru North,Oamaru
1835956,5024,Endeavour Drive,Whitby,Porirua
3020105,7282,Endeavour Inlet,"Endeavour Inlet,Furneaux,The Pines",Marlborough Sounds
1791666,7220,Endeavour Lane,Picton,
1806108,3591,Endeavour Place,Cooks Beach,Whitianga
1791525,7300,Endeavour Place,Kaikoura,
1840637,8082,Endeavour Place,Lyttelton,
3021512,0118,Endeavour Place,One Tree Point,Whangarei
1816898,4310,Endeavour Street,"Blagdon,Marfell",New Plymouth
1824811,0600,Endeavour Street,Blockhouse Bay,Auckland
1794806,6022,Endeavour Street,Lyall Bay,Wellington
1788135,7010,Endeavour Street,Nelson South,Nelson
3010957,8083,Endeavour Street,North New Brighton,Christchurch
1791556,7201,Endeavour Street,Riversdale,Blenheim
1802298,4010,Endeavour Street,Te Hapara,Gisborne
1802764,4077,Endeavour Street,Tolaga Bay,
3080024,9382,Endeavour Street,Wanaka,
1834010,5713,Endelave Way,Carterton,
1823642,0610,Enderby Drive,Te Atatu Peninsula,Auckland
1807150,3214,Enderley Avenue,"Claudelands,Enderley",Hamilton
1807151,3214,Enderley Lane,Enderley,Hamilton
3042489,5391,End Farm Road,Waikanae,
1777714,9792,Endowment Road,Braxton,Mossburn
3030414,9872,Endowment Road,"Hedgehope,Pebbly Hill",Invercargill
1811723,3393,Endowment Road,Otway,Te Aroha
3030412,9877,Endowment Road,"Seaward Bush,Tisbury,Waimatua",Invercargill
1777712,9883,Endowment Road,Waimatuku,Riverton/Aparima
1835694,4172,Endsleigh Drive,Havelock North,
1803691,4172,Endsleigh Road,Havelock North,
1830295,0932,Endsley Rise,Wainui,
3019687,8025,Endurance Lane,Wigram,Christchurch
3078446,0931,Endurance Rise,Orewa,
2008893,3384,Endurance Road,Tahorakuri Forest,Reporoa
1829129,2012,Endymion Place,Half Moon Bay,Auckland
3082461,5512,Enereta Road,Otaki,
1817159,4172,Enfield Drive,Pakipaki,Hastings
1803941,4110,Enfield Road,Hospital Hill,Napier
1825138,1024,Enfield Street,Mount Eden,Auckland
1807152,3200,Enfield Street,Nawton,Hamilton
1793430,5014,Enfield Street,Wainuiomata,Lower Hutt
3080514,8025,Enforce Lane,Halswell,Christchurch
3048766,7978,Engelbrechts Road,"Hunter,Makikihi",Waimate
3057745,7674,Engineering Drive,Lincoln,
1784615,8041,Engineering Road,Ilam,Christchurch
1841216,6012,England Lane,Karori,Wellington
1824822,1011,England Street,Freemans Bay,Auckland
1782438,8011,England Street,"Linwood,Phillipstown",Christchurch
1791611,7273,England Street,Tuamarina,Blenheim
1802468,4092,Englebretsen Road,Motu,Te Karaka
1784618,8051,Englefield Road,"Belfast,Northwood",Christchurch
1778309,9883,Englefield Road,Gropers Bush,Riverton/Aparima
1798291,4821,Engles Road,Shannon,
3028390,9011,English Avenue,"Kenmure,Maryhill,Mornington",Dunedin
1819964,0200,English Bay Road,Opua,
3084964,3474,English Oak Drive,Matamata,Matamata
1832998,0632,English Oak Drive,Schnapper Rock,Auckland
1778583,9791,English Road,Dipton West,
3058581,7674,Englishs Road,Lincoln,
1783978,8042,English Street,Sockburn,Christchurch
1807153,3200,English Street,St Andrews,Hamilton
1820240,0410,Enid Avenue,Kaitaia,
1829144,2104,Enid Place,Wiri,Auckland
1771170,9396,Ennel Street,Naseby,
1833107,0612,Ennerdale Lane,Henderson,Auckland
1785670,8025,Ennerdale Row,Westmorland,Christchurch
1781035,7011,Enner Glynn Road,Enner Glynn,Nelson
3082953,3281,Ennion Rise,"Flagstaff,Horsham Downs,Rototuna North",Hamilton
1832366,2010,Ennis Avenue,Pakuranga Heights,Auckland
1835622,4200,Ennisclare Place,Waipukurau,
1776374,9812,Enniskillen Street,Clifton,Invercargill
1824899,1025,Ennismore Road,Mount Albert,Auckland
1770917,9320,Ennis Street,Alexandra,
1804968,4112,Ennor Place,Greenmeadows,Napier
3085418,0992,Enoch Lane,Wainui,Wainui
3080726,0474,Enoka Street,Kaikohe,
3085416,0932,Enos Lane,Wainui,Wainui
1774169,9300,Enright Lane,Queenstown,
3046832,9074,Enrights Road,Clarks Junction,Outram
3078402,8025,Ensete Road,Wigram,Christchurch
1792134,5024,Ensign Lane,Whitby,Porirua
1807154,3210,Ensign Place,Flagstaff,Hamilton
1822674,0627,Ensign Place,Hillcrest,Auckland
1783976,8025,Ensign Street,Halswell,Christchurch
1840410,7334,Ensor Drive,Hanmer Springs,
1810170,3010,Ensor Place,Fenton Park,Rotorua
1829145,2024,Ensor Place,Mangere East,Auckland
1811970,3410,Ensor Place,Tirau,
1786842,7476,Ensor Road,Eyrewell,West Eyreton
1785284,7402,Ensors Place,Waikuku Beach,
1781173,7791,Ensors Road,Double Hill,Methven
3016692,8023,Ensors Road,"Opawa,Waltham",Christchurch
1772747,9011,Ensor Street,Burnside,Dunedin
1806109,3500,Ensor Street,Thames,
3085120,9382,Ensor Street,Wanaka,Wanaka
1775706,9371,Enstone Lane,Lower Shotover,Queenstown
3022667,9492,Enstone Road,"Five Forks,Whitstone",Oamaru
3082937,3118,Entelea Close,Papamoa Beach,Papamoa
2016871,8042,Enterprise Avenue,Islington,Christchurch
1838737,0612,Enterprise Drive,Henderson,Auckland
3082360,5571,Enterprise Drive,Levin,
1815593,3118,Enterprise Drive,Papamoa Beach,Papamoa
1841982,9382,Enterprise Drive,Wanaka,
3083754,9092,Enterprise Place,Mosgiel,
1770915,9320,Enterprise Street,Alexandra,
1821647,0626,Enterprise Street,Birkenhead,Auckland
1820185,0474,Enterprise Street,Kaikohe,
1785562,8022,Enticott Place,Huntsbury,Christchurch
1794883,6012,Entrance Street,Aro Valley,Wellington
1824806,1050,Entrican Avenue,Remuera,Auckland
1824803,1050,Entrican Lane,Remuera,Auckland
1786086,7392,Entrican Road,Balmoral,
1783814,7476,Entrican Road,Eyrewell,West Eyreton
1826950,2682,Entrican Road,Otaua,
1829727,2024,Enuamanu Road,Favona,Auckland
1785286,7400,Enverton Drive,Rangiora,
1778065,9812,Enwood Lane,Georgetown,Invercargill
1826830,0181,Enwright Road,Opuawhanga,Hikurangi
1771037,9386,Enwright Road,Saint Bathans,
1839072,7580,Enys Drive,Castle Hill,
1804579,4282,Epae Road,Wanstead,Waipukurau
1803031,4198,Epanaia Street,Nuhaka,
1811526,4399,Epero Road,Matemateaonga,Eltham
3040566,6037,Epic Way,Newlands,Wellington
1817849,4383,Epiha Road Lower,Motunui,Waitara
1817850,4383,Epiha Road Upper,Motunui,Waitara
1796133,5032,Epiha Street,Paraparaumu,
1816450,4375,Epiha Street,Urenui,
1800568,6012,Epping Grove,Karori,Wellington
1786942,8053,Epping Place,Burnside,Christchurch
1842035,3204,Epping Place,Dinsdale,Hamilton
1812619,3330,Epping Place,Richmond Heights,Taupo
1831374,0610,Epping Road,Henderson,Auckland
1824819,1072,Epping Street,Glen Innes,Auckland
1836877,3112,Epping Way,Pyes Pa,Tauranga
1774973,9011,Epsilon Street,Belleknowes,Dunedin
1824879,1023,Epsom Avenue,Epsom,Auckland
1770638,7400,Epsom Drive,Rangiora,
1807155,3210,Epsom Place,Chartwell,Hamilton
1805773,4112,Epsom Place,Taradale,Napier
1799348,4410,Epsom Road,Hokowhitu,Palmerston North
1808828,3116,Epsom Road,Mount Maunganui,
1786867,8042,Epsom Road,Sockburn,Christchurch
1800567,6012,Epsom Way,Karori,Wellington
3054951,5011,Epuni Street,"Epuni,Hutt Central",Lower Hutt
1831661,1023,Epworth Avenue,Royal Oak,Auckland
1781436,7920,Epworth Road,Temuka,
1783815,7630,Epworth Street,Kaiapoi,
1780091,0294,Equestrian Drive,Kerikeri,
1805477,4175,Equestrian Lane,Bridge Pa,Hastings
3077821,3110,Equine Way,Brookfield,Tauranga
1842466,2580,Equus Lane,Kingseat,Pukekohe
1833210,0582,Equus Road,Waipu,
1823658,0781,Erangi Place,Te Henga / Bethells Beach,
1826833,0171,Erceg Road,Mata,Whangarei
1837952,2113,Erceg Way,Rosehill,Papakura
3077447,7999,Erebus Place,Lake Tekapo,
3029724,4195,Erepeti Road,Ruakituri,
3082561,9305,Erewhon Crescent,Wanaka,
1821646,0626,Erewhon Place,Birkdale,Auckland
3053903,,Erewhon Road,"Moawhango,Ngamahango",Taihape
1783884,8022,Erewhon Terrace,Hillsborough,Christchurch
3079447,4410,Erewon Road,Fitzherbert,Palmerston North
3071834,9024,Erica Crescent,Mosgiel,
1841408,8062,Eric Adam Way,Linwood,Christchurch
3080326,6023,Erica Pabst Way,Island Bay,Wellington
1816901,4312,Erica Place,Bell Block,New Plymouth
1812181,2016,Erica Road,Flat Bush,Auckland
1822670,0620,Erica Road,Sunnynook,Auckland
1809179,3110,Erica Street,Judea,Tauranga
1782455,8053,Erica Street,Papanui,Christchurch
1829525,2025,Eric Baker Place,Papatoetoe,Auckland
1840564,7924,Eric Batchelor Place,Waimate,
3082740,7571,Eric Crozier Road,Darfield,
1951091,0810,Eric Farley Drive,Kumeu,
1858495,0612,Eric Gifford Drive,Ranui,Auckland
3083095,1041,Eric Jackson Lane,Mount Roskill,Auckland
1785122,7430,Ericksons Lane,Oxford,
1815573,3882,Eric Lane,Ngahinapouri,Ohaupo
3079131,8025,Eric Melrose Lane,Halswell,Christchurch
3061814,1072,Eric Paton Way,Saint Johns,Auckland
1822673,0620,Eric Price Avenue,Takapuna,Auckland
1832675,2019,Eric Rush Place,Flat Bush,Auckland
3083873,2124,Eric Salmon Road,Paerata,Pukekohe
1804763,4974,Eric Street,Norsewood,
3078422,0112,Eric Wakelin Lane,Whau Valley,Whangarei
3083124,3118,Eric Way,Papamoa Beach,Papamoa
1785950,8022,Eridge Place,Huntsbury,Christchurch
3027829,7281,Erie Bay,"Erie Bay,Queen Charlotte Sound / Totaranui,Te Weuweu Bay",Picton
1775972,9772,Erie Street,East Gore,Gore
1807156,3214,Erika Place,Fairview Downs,Hamilton
1803854,4110,Eriksen Road,"Awatoto,Meeanee,Te Awa",Napier
1804766,4974,Eriksen Street,Norsewood,
1824801,1072,Erima Avenue,Point England,Auckland
3083186,2104,Erina Road,Wiri,Auckland
1782436,8013,Erin Crescent,Mairehau,Christchurch
1795382,5884,Eringa Road,Longbush,
3058422,0118,Erin Jane Place,One Tree Point,Whangarei
1803692,4181,Erinore Road,Tutira,Napier
1797134,4574,Erin Road,Westmere,Whanganui
1825585,1051,Erin Street,Epsom,Auckland
1818159,4610,Erin Street,Hawera,
1799347,4410,Erin Street,Hokowhitu,Palmerston North
1811950,4394,Erin Street,Midhirst,Stratford
1788136,7010,Erin Street,Nelson,
1772268,9010,Erin Street,Roslyn,Dunedin
1825974,0112,Erin Street,Tikipunga,Whangarei
1841743,2012,Erins Way,Sunnyhills,Auckland
1773464,9073,Eriskay Road,Berwick Forest,Outram
1773164,9471,Eris Street,Karitane,Waikouaiti
3079216,3015,Erlam Place,Matipo Heights,Rotorua
1799886,6037,Erlestoke Crescent,Churton Park,Wellington
3001906,8025,Erling Ziesler Lane,Wigram,Christchurch
1777700,9883,Ermedale Road,"Ermedale,Pourakino Valley",Riverton/Aparima
1833206,2016,Erne Crescent,East Tamaki,Auckland
1778998,8971,Ernest Adams Drive,Governors Bay,
1833277,2580,Ernest George Drive,Karaka,Papakura
1836046,8025,Ernest Gray Place,Halswell,Christchurch
1787163,3330,Ernest Kemp Rise,Wharewaka,Taupo
1841264,7022,Ernest Place,Brightwater,
1773163,9085,Erne Street,Waitati,
1814119,3214,Ernest Road,Fairview Downs,Hamilton
1809798,3192,Ernest Road,Poroporo,Whakatane
1833783,2123,Ernest Shackleton Place,Waiuku,
3017869,5024,Ernest Street,Ranui,Porirua
3083878,2124,Ernie Lepper Road,Paerata,Pukekohe
1822163,0627,Ernie Mays Street,Northcote,Auckland
1825184,1041,Ernie Pinches Street,Wesley,Auckland
3083645,9305,Ernies Way,Wanaka,
3077831,3116,Ernie Way,Mount Maunganui,
1783883,8022,Ernlea Terrace,Cashmere,Christchurch
1830384,2019,Eroni Clarke Close,Flat Bush,Auckland
3018022,8083,Eros Place,North New Brighton,Christchurch
3084462,2019,Eros Road,Flat Bush,Auckland
1833062,0632,Errigal Close,Pinehill,Auckland
1774743,9310,Erris Street,Cromwell,
1794871,6037,Erris Street,Johnsonville,Wellington
3065707,3288,Errol Close,Burbush,Hamilton
1782439,8022,Errol Lane,Huntsbury,Christchurch
3078872,9471,Errols Court,Warrington,Waikouaiti
1809908,3910,Errol Street,Te Kuiti,
1801340,6023,Erskine Close,Island Bay,Wellington
1772264,9012,Erskine Place,Saint Clair,Dunedin
1833021,0110,Erskine Road,Maunu,Whangarei
1776724,9879,Erskine Road,Otatara,Invercargill
1780141,7682,Erskine Street,Dunsandel,
1837350,9304,Erskine Street,Lake Hayes,Queenstown
1777709,9620,Erskine Street,Tuatapere,
1781437,7985,Erskine Street,Winchester,
1825453,1061,Erson Avenue,Royal Oak,Auckland
3029288,3010,Eruana Place,Owhata,Rotorua
3008817,,Erua Road,"Erua,Retaruke,Ruatiti","National Park,Owhango,Raetihi"
1825698,1081,Erua Road,Ostend,Waiheke Island
3081207,5011,Eruera Love Lane,Waterloo,Lower Hutt
1810174,3010,Eruera Street,Rotorua,
1837466,0474,Erueti Roadway,Kaikohe,
1809793,3121,Eruini Street,Ohope,
1798294,5036,Eruini Street,Waikanae Beach,Waikanae
1829141,2014,Ervine Place,Bucklands Beach,Auckland
3082553,9371,Escalator Avenue,Jacks Point,Queenstown
1825975,0112,Escalona Street,Te Kamo,Whangarei
1799341,4412,Escort Grove,Awapuni,Palmerston North
1830876,0794,Escott Road,Dairy Flat,
1827520,2121,Escotts Road,Tuakau,
3067236,4970,Esdaile Road,"Akitio,Herbertville","Herbertville,Pongaroa"
1808333,3176,Esdaile Road,Whakamarama,
3081746,7020,Esher Lane,Richmond,
1787416,8022,Esher Place,Saint Martins,Christchurch
3016714,7988,Esk Bank Road,"Otaio,Southburn","Saint Andrews,Southburn"
1812287,3420,Esk Crescent,Tokoroa,
3072734,4182,Eskdale Drive,"Bay View,Eskdale",Napier
1804969,4182,Eskdale Lane,Bay View,Napier
2009004,3210,Eskdale Lane,Flagstaff,Hamilton
1785527,8025,Eskdale Place,Halswell,Christchurch
1781961,7987,Eskdale Road,Albury,
3041987,5024,Eskdale Road,"Aotea,Ascot Park,Papakowhai",Porirua
3041988,0626,Eskdale Road,"Birkdale,Birkenhead",Auckland
1832364,2010,Eske Place,Highland Park,Auckland
1787136,7385,Esk Head Road,Lake Sumner National Park,
1782429,8061,Esk Place,Aranui,Christchurch
1800036,5024,Esk Place,Cannons Creek,Porirua
1772832,9024,Esk Place,Mosgiel,
3015606,4182,Eskridge Drive,Eskdale,Napier
1811266,2473,Esk Road,Pukorokoro / Miranda,Kaiaua
1809218,4332,Esk Road,Stratford,
1775331,9591,Esk Street,Beaumont,Lawrence
1774078,9587,Esk Street,Heriot,Tapanui
1776362,9810,Esk Street,Invercargill,
1809192,3112,Esk Street,Parkvale,Tauranga
1799340,4414,Esk Street,Roslyn,Palmerston North
1811725,3310,Esk Street,Waitoa,
1778416,9810,Esk Street West,Invercargill,
1772905,9012,Eskvale Street,"Saint Kilda,South Dunedin",Dunedin
1782180,7988,Esk Valley Road,Otaio,Saint Andrews
1838818,4182,Esk View Road,Eskdale,Napier
3084309,7410,Esler Avenue,Amberley,
1786000,7472,Esler Road,Ashley Forest,Loburn
3059373,7983,Esler Road,Sutherlands,Pleasant Point
1807157,3204,Esmae Place,Dinsdale,Hamilton
1820796,0986,Esme Grove,Omaha,
1809187,3110,Esme Place,Matua,Tauranga
1824008,1026,Esmeralda Avenue,Avondale,Auckland
1809191,3112,Esmeralda Street,Welcome Bay,Tauranga
1815400,3112,Esmeralda Way,Welcome Bay,Tauranga
3080843,0622,Esmonde Road,"Northcote,Takapuna",Auckland
1829139,2019,Espada Place,Clover Park,Auckland
1832622,0612,Espalier Drive,Henderson,Auckland
1824026,1071,Esperance Road,"Glendowie,Saint Heliers",Auckland
1782450,8052,Esperance Street,St Albans,Christchurch
1829521,2025,Esperanto Road,Papatoetoe,Auckland
1794890,6012,Espin Crescent,Karori,Wellington
1775410,9271,Esplanade,"Ahuriri Flat,Kaka Point",Kaka Point
1818293,3983,Esplanade,Aria,
3030171,4010,Esplanade,"Inner Kaiti,Kaiti",Gisborne
1791384,7300,Esplanade,Kaikoura,
1803023,3985,Esplanade,Marokopa,Piopio
1789870,7193,Esplanade,Okiwi Bay,
1813057,3876,Esplanade,Pirongia,
1772273,9012,Esplanade,Saint Clair,Dunedin
1782449,8081,Esplanade,"Scarborough,Sumner",Christchurch
1837384,9400,Esplanade,South Hill,Oamaru
1813185,3920,Esplanade,Taumarunui,
1809909,3910,Esplanade,Te Kuiti,
1775152,9471,Esplanade,Warrington,Waikouaiti
1806111,3620,Esplanade Drive,Whangamata,
1833802,3120,Esplanade Rise,Coastlands,Whakatane
1825133,1024,Esplanade Road,Mount Eden,Auckland
3050480,3177,Esplanade Road,Tahawai,
1814163,3206,Essendon Court,Glenview,Hamilton
1813697,3074,Essendon Place,Tikitere,Rotorua
1786254,7571,Essendon Road,Darfield,
1838265,9302,Essex Avenue,Arrowtown,
1805198,4172,Essex Crescent,Whakatu,Hastings
1799350,4414,Essex Place,Milson,Palmerston North
1796811,4501,Essex Place,Springvale,Whanganui
1825135,1024,Essex Road,Mount Eden,Auckland
1794889,6021,Essex Street,Aro Valley,Wellington
3046360,9230,Essex Street,Balclutha,
3046367,8011,Essex Street,"Christchurch Central,Phillipstown",Christchurch
1798413,5510,Essex Street,Levin,
1781851,7910,Essex Street,Marchwiel,Timaru
1795147,5810,Essex Street,Masterton,
3046364,9792,Essex Street,Mossburn,
1818190,4520,Essex Street,Patea,
1778843,9776,Essex Street,Riversdale,
1817933,4332,Essex Street,Stratford,
1804120,4112,Essex Street,Tamatea,Napier
1773971,9522,Essex Street,Tapanui,
1793516,5028,Essex Street,Tawa,Wellington
1823652,0610,Essex Street,Te Atatu South,Auckland
1816802,4310,Essex Street,Vogeltown,New Plymouth
1777325,9874,Essex Street,Waianiwa,Invercargill
1770478,9401,Essex Street,Weston,Oamaru
1778722,9720,Essex Street,Winton,
1778468,9877,Essex Street,Woodend,Invercargill
1837965,7011,Essex Terrace,Stoke,Nelson
1832368,2012,Essington Place,Half Moon Bay,Auckland
1831757,1081,Esslin Road,Surfdale,Waiheke Island
1986958,8042,Establishment Drive,Hornby South,Christchurch
1836539,4330,Estate Grove,Inglewood,
3056898,9584,Estate Road,"Clinton,Kuriwao,Wairuna",Clinton
1815501,3175,Estates Terrace,Welcome Bay,Tauranga
1835957,0612,Estate Way,Henderson,Auckland
1833336,0185,Estaugh Close,Kauri,
3050254,4996,Estcourt Road,"Alfredton,Eketahuna",Eketahuna
1829148,2012,Estelle Place,Farm Cove,Auckland
1786523,7999,Esther Hope Street,Lake Tekapo,
1940629,7604,Esther Laidlaw Way,Prebbleton,
3083118,7604,Esther Mews,Prebbleton,
1818597,0932,Esther Place,Red Beach,
1795689,5711,Esther Street,Martinborough,
3085556,7614,Estival Drive,Rolleston,Rolleston
1835538,9383,Estrella Heights Lane,Queensberry,Cromwell
1839974,0910,Estuary Close,Warkworth,
1773168,9018,Estuary Crescent,Fairfield,Dunedin
1837769,0505,Estuary Drive,Mangawhai Heads,Mangawhai
3080153,7020,Estuary Place,Richmond,
1840323,7893,Estuary Road,Karamea,
3046424,,Estuary Road,"New Brighton,South New Brighton",Christchurch
1802955,4182,Estuary Road,Poraiti,Napier
1827730,2103,Estuary Road,Weymouth,Auckland
1775753,9881,Estuary Street,Longwood,Riverton/Aparima
1793781,6972,Estuary Street,Makara Beach,
1839227,3620,Estuary View,Whangamata,
1838633,0582,Estuary View Heights,Waipu,
1818583,2679,Estuary View Road,Waiau Pa,Pukekohe
1815913,3112,Estuary View Road,Welcome Bay,Tauranga
1832363,2014,Estuary Views,Shelly Park,Auckland
1777707,9689,Etalvale Station Road,Dunrobin,Otautau
1829136,2019,Eterna Place,Clover Park,Auckland
1814080,3112,Ethan Place,Ohauiti,Tauranga
1772343,9016,Ethel Benjamin Place,North Dunedin,Dunedin
1772524,9016,Ethel McMillan Place,North Dunedin,Dunedin
3019166,1025,Ethel Street,"Morningside,Sandringham",Auckland
1778415,9812,Ethel Street,"Newfield,Rockdale",Invercargill
1775155,9081,Ethel Street,Osborne,Port Chalmers
1773812,9586,Ethel Street,Papatowai,Owaka
1772271,9010,Ethel Street,Wakari,Dunedin
1779724,7382,Ethelton Road,Lowry Hills Range,Cheviot
1839091,9383,Ethereal Crescent,Mount Pisa,Cromwell
1829126,2014,Etherege Place,Howick,Auckland
1829125,2103,Etherton Drive,"Clendon Park,Weymouth",Auckland
1782422,8013,Ethne Street,Mairehau,Christchurch
1842033,3204,Etna Way,Dinsdale,Hamilton
1821876,0624,Eton Avenue,Devonport,Auckland
1807158,3216,Eton Drive,Hillcrest,Hamilton
1770052,9024,Eton Drive,Mosgiel,
1798412,5510,Eton Place,Levin,
1816804,4310,Eton Place,Spotswood,New Plymouth
1799342,4410,Eton Place,Terrace End,Palmerston North
3081743,7020,Eton Street,"Appleby,Richmond",Richmond
1780758,7700,Eton Street,"Hampstead,Netherby",Ashburton
3055698,9397,Eton Street,Hyde,Kyeburn
1774970,9010,Eton Street,Kaikorai,Dunedin
1777705,9610,Eton Street,Otautau,
1804106,4112,Eton Street,Taradale,Napier
1777343,9871,Eton Street,Woodlands,Invercargill
1818693,0181,Etoru Road,Glenbervie Forest,Hikurangi
3053513,5024,Ettrick Grove,Papakowhai,Porirua
1832918,2110,Ettrick Lane,Papakura,
3080296,8013,Ettrick Lane,Richmond,Christchurch
1829135,2024,Ettrick Place,Mangere East,Auckland
1812286,3420,Ettrick Place,Tokoroa,
3006484,9572,Ettrick-Raes Junction Road,"Ettrick,Island Block,Millers Flat,Raes Junction","Lawrence,Roxburgh"
1771231,9572,Ettrick Road,Ettrick,Roxburgh
3008851,,Ettrick Street,"Appleby,Georgetown,West Invercargill",Invercargill
1772282,9011,Ettrick Street,Glenross,Dunedin
1773808,9587,Ettrick Street,Kelso,Tapanui
3008852,9630,Ettrick Street,Nightcaps,
1770211,9400,Ettrick Street,Oamaru North,Oamaru
1829974,2016,Etwall Court,Dannemora,Auckland
1770891,8971,Euan Sarginson Place,Diamond Harbour,
1810175,3015,Euan Street,Mangakakahi,Rotorua
1821767,0626,Eucalyptus Place,Beach Haven,Auckland
1807159,3210,Eucalyptus Place,Chartwell,Hamilton
1799894,5032,Eucalyptus Way,Nikau Valley,Paraparaumu
3079104,4294,Euchre Way,"Kahuranaki,Tuki Tuki","Havelock North,Kahuranaki"
3017227,3200,Euclid Avenue,Te Rapa,Hamilton
1801542,5010,Euclid Grove,Kelson,Lower Hutt
1816798,4310,Euclid Street,Vogeltown,New Plymouth
1789428,7095,Euc Road,Golden Downs,Wakefield
1787882,7891,Eugene Street,Seddonville,Westport
3016011,2105,Eugenia Rise,"Goodwood Heights,Totara Heights",Auckland
1822668,0629,Eugen Place,Bayview,Auckland
1829131,2105,Eulogy Place,Randwick Park,Auckland
2010162,2019,Eunans Close,Flat Bush,Auckland
1790966,5019,Eunice Lane,Silverstream,Upper Hutt
1839887,3118,Euphorbia Street,Papamoa Beach,Papamoa
1842017,8025,Euphrasie Drive,Aidanfield,Christchurch
1825973,0112,Eureka Place,Parahaki,Whangarei
1771365,9391,Eureka Road,Earnscleugh,Alexandra
1811268,3287,Eureka Road,Eureka,Hamilton
1770913,9320,Eureka Street,Alexandra,
1782452,8061,Eureka Street,Aranui,Christchurch
3082334,9305,Eureka Street,Wanaka,
3071737,6011,Europe Lane,Wellington Central,Wellington
1831606,1025,Euston Road,Sandringham,Auckland
1794884,6012,Euston Road,Wilton,Wellington
1784227,8041,Euston Street,Riccarton,Christchurch
3084189,5810,Eva Cooper Close,Lansdowne,Masterton
1790888,7201,Eva Crescent,Witherlea,Blenheim
1827729,2112,Evanda Crescent,Conifer Grove,Takanini
1824024,1072,Evandale Street,Glen Innes,Auckland
3010797,0592,Evan Road,"Arapohue,Ruawai","Dargaville,Ruawai"
1804581,4277,Evan Road,Otane,
1782437,8061,Evans Avenue,New Brighton,Christchurch
3058709,6022,Evans Bay Marina,"Evans Bay,Hataitai",Wellington
3061894,,Evans Bay Parade,"Hataitai,Kilbirnie,Roseneath",Wellington
1814054,3118,Evansbel Place,Papamoa Beach,Papamoa
3078546,3114,Evans Court,Omokoroa,
1838487,2120,Evans Court,Pukekohe,
1782181,7972,Evans Crossing Road,Maungati,Southburn
1773166,9471,Evansdale Glen Road,Evansdale,Waikouaiti
1835620,9396,Evans Lane,Naseby,
1782430,8081,Evans Pass Road,Sumner,Christchurch
1785075,7630,Evans Place,Kaiapoi,
1827916,2110,Evans Place,Papakura,
1822739,0602,Evans Road,Glen Eden,Auckland
1790454,7884,Evans Road,Harihari,
1777321,9782,Evans Road,"Hedgehope,Hokonui","Invercargill,Winton"
1811260,3771,Evans Road,Huntly,
1775862,9877,Evans Road,Motu Rimu,Invercargill
1808334,3118,Evans Road,Papamoa Beach,Papamoa
1830878,0874,Evans Road,South Head,
1805527,4175,Evans Road,Twyford,Hastings
1795165,5888,Evans Road,Upper Plain,Masterton
1827727,2103,Evans Road,Weymouth,Auckland
1777320,9871,Evans Road,Woodlands,Invercargill
3059109,7910,Evans Street,"Maori Hill,Oceanview,Seaview,Waimataitai",Timaru
3080860,3300,Evans Street,Morrinsville,
1772274,9010,Evans Street,Opoho,Dunedin
1792904,5019,Evans Street,Stokes Valley,Lower Hutt
1779495,7920,Evans Street,Temuka,
1814336,3610,Evans Street,Waihi,
1822665,0622,Evan Street,Belmont,Auckland
3047042,9630,Evan Street,Nightcaps,
3079128,2123,Evan Tasman Lane,Waiuku,
1817789,4371,Eva Road,Ridgewood,New Plymouth
1790263,7805,Eva Street,Greymouth,
1794873,6011,Eva Street,Te Aro,Wellington
1786943,8053,Evatt Street,Bryndwr,Christchurch
1782423,8013,Eveleyn Couzins Avenue,Richmond,Christchurch
1850576,2019,Evelina Lane,Flat Bush,Auckland
1819316,0505,Eveline Street,Mangawhai Heads,Mangawhai
1807161,3204,Evelyn Court,Dinsdale,Hamilton
3080628,8083,Evelyn Crescent,Marshland,Christchurch
3084501,3010,Evelyn Lane,Kawaha Point,Rotorua
1819538,0627,Evelyn Place,Hillcrest,Auckland
1838165,3118,Evelyn Place,Papamoa Beach,Papamoa
1816803,4310,Evelyn Place,Welbourn,New Plymouth
1828030,2014,Evelyn Road,Cockle Bay,Auckland
1831443,1021,Evelyn Street,Eden Terrace,Auckland
1829522,2025,Evelyn Street,Papatoetoe,Auckland
1777689,9822,Evelyn Street,Riverton/Aparima,
1842250,0910,Evelyn Street,Warkworth,
3042929,,Evenden Road,"Tomoana,Twyford",Hastings
3014121,9818,Evening Cove Road,Stewart Island/Rakiura,Stewart Island
1841981,9371,Evening Star Road,Arthurs Point,Queenstown
3072509,9014,Eventide Lane,Company Bay,Dunedin
3083609,3110,Eventide Way,Bellevue,Tauranga
1785506,8083,Evenwood Place,Waimairi Beach,Christchurch
1837476,3472,Everad Avenue,Matamata,
1820792,0930,Everard Avenue,Army Bay,Whangaparaoa
1813278,3010,Everard Place,Ngongotaha,Rotorua
3017014,8024,Everard Street,Somerfield,Christchurch
1770480,9401,Evered Street,Weston,Oamaru
1805159,4130,Everest Avenue,Havelock North,
1792905,5011,Everest Avenue,Naenae,Lower Hutt
1812748,3434,Everest Lane,Cambridge,
1784495,8053,Everest Street,Burnside,Christchurch
1821820,0624,Everest Street,Devonport,Auckland
1794898,6035,Everest Street,Khandallah,Wellington
1804364,7616,Everest Way,Springston,
3011361,4388,Everett Road,"Everett Park,Huirangi","Inglewood,New Plymouth"
1780545,7673,Everett Street,Coalgate,
1789691,7120,Everett Street,Motueka,
1789907,7010,Everett Street,The Wood,Nelson
3043774,2105,Everglade Drive,"Goodwood Heights,Totara Heights",Auckland
1839138,5018,Evergreen Crescent,"Silverstream,Trentham",Upper Hutt
3082289,0932,Evergreen Drive,Silverdale,
1955015,7691,Evergreen Drive,Woodend,
1815490,3118,Evergreen Glade,Papamoa Beach,Papamoa
3082590,3300,Evergreen Parade,Morrinsville,
3082032,2113,Evergreen Parade,Rosehill,Papakura
1836068,8083,Evergreen Place,Parklands,Christchurch
3080954,0110,Evergreen Place,Port Whangarei,Whangarei
1771597,9300,Evergreen Place,Sunshine Bay,Queenstown
1837379,3200,Evergreen Rise,Grandview Heights,Hamilton
1829838,0600,Evergreen Rise,New Lynn,Auckland
1780023,7011,Evergreen Way,Stoke,Nelson
1829117,2010,Everingham Place,Sunnyhills,Auckland
3084314,7410,Everiss Lane,Amberley,
1806112,3620,Everitt Crescent,Whangamata,
1829137,2023,Everitt Road,Otara,Auckland
1820591,0484,Everitt Road,Te Kao,
1832980,2105,Everlea Place,Alfriston,Auckland
1840930,3210,Everleigh Court,Flagstaff,Hamilton
1840519,9710,Eversfield Rise,Gore,
1842825,7615,Eversham Drive,Rolleston,
1808827,3116,Eversham Road,Mount Maunganui,
1822671,0622,Eversleigh Road,Belmont,Auckland
1782443,8014,Eversleigh Street,St Albans,Christchurch
1781855,7910,Eversley Street,Waimataitai,Timaru
1788681,7020,Eversley Terrace,Richmond,
1837376,3200,Everton Place,Grandview Heights,Hamilton
1840226,1060,Everton Place,Mount Wellington,Auckland
1772287,9013,Everton Road,Andersons Bay,Dunedin
1794893,6012,Everton Terrace,"Kelburn,Wellington Central",Wellington
1772286,9013,Every Street,Andersons Bay,Dunedin
1824015,1071,Evesham Avenue,Glendowie,Auckland
1782454,8024,Evesham Crescent,Spreydon,Christchurch
1771194,7201,Evesham Lane,Springlands,Blenheim
1794881,6037,Evesham Place,Newlands,Wellington
1820795,0984,Eves Road,Kaipara Flats,Warkworth
1788679,7091,Eves Valley Road,Brightwater,
1842623,3288,Evolution Drive,Horotiu,Hamilton
3081300,8025,Evora Place,Halswell,Christchurch
3078810,1072,Ev Perry Way,Glen Innes,Auckland
1804116,4112,Ewan Place,Taradale,Napier
1829124,2024,Ewart Road,Mangere East,Auckland
1817214,4373,Ewart Street,Lepperton,New Plymouth
1832367,2102,Ewbank Place,Manurewa,Auckland
3082374,5510,Ewehurst Lane,Levin,
1821817,0624,Ewen Alison Avenue,Devonport,Auckland
3022504,5010,Ewen Bridge,"Alicetown,Hutt Central",Lower Hutt
3068361,7334,Ewen Place,Hanmer Springs,
1829664,2580,Ewen Place,Karaka,Papakura
1781666,7920,Ewen Road,Temuka,
1825583,1061,Ewenson Avenue,"Greenlane,One Tree Hill",Auckland
3045755,0622,Ewen Street,"Hauraki,Takapuna",Auckland
1826827,0173,Ewen Street,Ngunguru,Whangarei
1810177,3015,Ewert Street,Fordlands,Rotorua
1829134,2105,Ewhurst Place,Goodwood Heights,Auckland
1815253,3330,Ewing Grove,Acacia Bay,Taupo
1839172,9305,Ewing Place,Albert Town,Wanaka
1823648,0604,Ewing Road,Laingholm,Auckland
1825972,0112,Ewing Road,Riverside,Whangarei
1827084,2694,Ewing Road,Tuakau,
3051272,5571,Ewing Street,Hokio Beach,Levin
1825136,1024,Ewington Avenue,Mount Eden,Auckland
3078322,2402,Ewins Lane,Pokeno,
1789585,7010,Examiner Street,"Nelson,Nelson South",Nelson
1836063,8083,Excalibur Place,Burwood,Christchurch
1792139,5024,Excellency Terrace,Ascot Park,Porirua
1788492,7073,Excellent Street,Collingwood,
1829908,0632,Excelsa Place,Albany,Auckland
1783016,3118,Excelsa Place,Papamoa Beach,Papamoa
1981106,9310,Excelsior Place,Cromwell,
1777694,9679,Excelsior Place,Manapouri,
1777544,9818,Excelsior Road,Halfmoon Bay / Oban,Stewart Island
1836075,7891,Excelsior Road,Seddonville,Westport
1836076,7892,Excelsior Road,Westport,
1829981,0986,Excelsior Way,Omaha,
1824020,1010,Exchange Lane,Auckland Central,Auckland
1800122,5018,Exchange Street,Ebdentown,Upper Hutt
1807162,3288,Exelby Road,"Burbush,Te Kowhai",Hamilton
1773463,9210,Exe Street,Kaitangata,
1774604,9400,Exe Street,Oamaru,
1804109,4112,Exeter Crescent,Pirimai,Napier
1800871,4501,Exeter Crescent,Springvale,Whanganui
1801295,4412,Exeter Crescent,Takaro,Palmerston North
1778135,9712,Exeter Lane,Mataura,
1930848,7614,Exeter Lane,Rolleston,
3063768,3015,Exeter Place,Tihiotonga,Rotorua
1829594,0632,Exeter Place,Unsworth Heights,Auckland
1824898,1025,Exeter Road,Mount Albert,Auckland
1806113,3620,Exeter Road,Whangamata,
1772745,9018,Exeter Street,Abbotsford,Dunedin
1816801,4310,Exeter Street,Brooklands,New Plymouth
1807163,3206,Exeter Street,Glenview,Hamilton
1798417,5510,Exeter Street,Levin,
1779985,8082,Exeter Street,Lyttelton,
1786603,8014,Exeter Street,Merivale,Christchurch
1814636,3116,Exeter Street,Mount Maunganui,
1831811,0110,Exeter Street,Raumanga,Whangarei
1788137,7011,Exeter Street,Stoke,Nelson
1811979,4332,Exeter Street,Stratford,
1775120,9597,Exeter Street,Sutton,Middlemarch
1782125,7924,Exeter Street,Waimate,
1818794,0604,Exhibition Drive,Titirangi,Auckland
1830143,0600,Exler Place,Avondale,Auckland
1837110,8083,Exley John Place,Brooklands,Christchurch
1824002,0600,Exminster Street,Blockhouse Bay,Auckland
1793490,5014,Exmoor Grove,Wainuiomata,Lower Hutt
3079219,2113,Exmoor Road,Karaka,Papakura
1803503,4130,Exmoor Street,Havelock North,
1822162,0627,Exmouth Road,Northcote,Auckland
1772744,9018,Exmouth Street,Abbotsford,Dunedin
1824004,1021,Exmouth Street,Eden Terrace,Auckland
1776368,9810,Exmouth Street,"Glengarry,Waverley",Invercargill
1773465,9210,Exmouth Street,Kaitangata,
1839238,0614,Exotic Place,Massey,Auckland
1792140,5024,Exploration Way,Whitby,Porirua
3084087,7615,Explorer Lane,Rolleston,
3077506,0932,Explorez Lane,Silverdale,
1782440,8062,Expo Place,Bromley,Christchurch
1795646,8051,Export Avenue,Harewood,Christchurch
1803015,4188,Extension Road,Kotemaori,
1784492,8051,Exton Street,Redwood,Christchurch
3079055,7615,Eyas Drive,Rolleston,
3036696,,Eye Street,"Appleby,West Invercargill",Invercargill
1774081,9591,Eye Street,Beaumont,Lawrence
3006863,7096,Eyles Road,"Golden Downs,Motupiko","St. Arnaud,Wakefield"
2014948,7020,Eyles Road,Richmond,
3084774,8083,Eyles Street,Marshland,Christchurch
1811724,3300,Eynon Road,Morrinsville,
1830062,2016,Eynsham Court,Dannemora,Auckland
3068325,9793,Eyre Creek Road,"Athol,Parawa",Athol
1777340,9793,Eyre Creek Siding Road,Lowther,
3070125,7476,Eyredale Road,Eyrewell,West Eyreton
3006333,7692,Eyre Main Drain Road,"Clarkville,Ohoka","Kaiapoi,Ohoka"
1783800,7630,Eyre Place,Kaiapoi,
1795757,4472,Eyre Road,"Linton,Longburn",Palmerston North
1811430,3290,Eyre Road,Ngahinapouri,Ohaupo
1837836,3112,Eyres Place,Ohauiti,Tauranga
1832365,2585,Eyres Road,Clevedon,
1778200,9793,Eyre Street,Athol,
1777697,9792,Eyre Street,Castlerock,Lumsden
1797309,4702,Eyre Street,Feilding,
1823650,0612,Eyre Street,Henderson,Auckland
1797354,4777,Eyre Street,Kiwitea,Feilding
1810929,3720,Eyre Street,Ngaruawahia,
1806114,3510,Eyre Street,Whitianga,
1839777,7612,Eyrewell Road,Pegasus,
3078613,0616,Eyton Kay Road,Hobsonville,Auckland
